,SiteId,lat,lon,Cu,Mid_Depth,Lithology1,COLOUR1,DepthFrom,DepthTo,MagSus,SGFinal
0,90AMSTRC1,-29.60403043,135.6209694,200.1509434,148.5,MAM,,143,152,,
1,90CBLRC2,-29.25548086,135.424743,21.76056338,140.5,IGR,,50,176,,
2,90EROSRC1,-29.35996167,135.6277252,24.984375,155,MGR,,120,187,,
3,90JUPRC1,-29.45105487,135.5814698,10.88541667,118,IGR,,117,122,,
4,90MARSRC1,-29.28187729,135.6214823,70.05555556,117,MGR,,102,122,703.9795918,
5,90NEPTRC1D,-29.73900583,135.6322643,898.3423913,169,VBX,,102,198,19.51,
6,90NEPTRC2,-29.73846437,135.6322609,616.6176471,134,VDA,,74,168,,
7,90SATRC1,-29.42995423,135.5451627,7.042857143,96.14285714,MAM,,81,126,,
8,90SIMRC1,-29.35176811,135.6426124,22.24137931,109,IGR,,107,127,2184.193548,
9,90URANRC1,-29.71830196,135.5772037,909.1791045,166.2164179,MAM,,162,200,,
10,91ALPHARC1,-29.74128349,135.66111,52.31034483,144.3793103,VDA,,101,188,,
11,91NEPTRC3,-29.74067362,135.6364009,111.4166667,154.5833333,MUS,,92,166,,
12,91NSRC1,-29.74846549,135.6318893,30.61538462,156.9807692,MUS,,114,162,,
13,92RCD1,-29.73900807,135.6280038,557.7692308,196.3538462,VAN,,78,210.5,,
14,93DD10,-29.71664326,135.5747026,963.4950495,159.5007426,SLM,,158.95,161.71,776.9879412,
15,93RC3,-29.60404743,135.707718,93.75,188.03125,KCS,PNK,184,204,,
16,93RC4,-29.6562463,135.7504461,26,97.7,MGN,PNK,85,112,,
17,93RC5D,-29.69985897,135.7776459,3.85,140.975,MSC,,93,153,,
18,93RC6,-29.58801795,135.6291318,15.93333333,118.9,MGN,,74,161,,
19,93RC7,-29.51674755,135.6039264,5.318181818,109.9886364,MGN,GRY,86,175,,
20,93RC8,-29.44927863,135.6344611,14,96.125,FTZ,,92,104,,
21,93RC9,-29.10342846,135.3692377,34.66666667,86.88888889,MGN,PNK,60,112,,
22,94AC11,-29.67486157,135.5418283,7,57.75,MSC,,56,59,,
23,94AC12,-29.66403198,135.5417703,13.4,87.4,IGB,,82,94,,
24,94AC13,-29.65816595,135.5417389,23.66666667,44.83333333,IGB,,44,47,,
25,94AC14,-29.65004374,135.5416954,16.66666667,52.5,IGB,,52,55,,
26,94AC15,-29.64643386,135.541676,18.5,54,IDR,,52,56,,
27,94AC16,-29.64375996,135.5333966,14,35.75,LCV,,0,36,,
28,94AC17,-29.65639453,135.5334632,22.5,64.75,IGB,,61,70,,
29,94AC18,-29.66559822,135.4870104,28,141.75,LCV,,0,143,,
30,94AC19,-29.64754872,135.4869235,37.5,52,IGB,,52,54,,
31,94AC20,-29.64078014,135.486891,79,80.2,IGB,,70,90,,
32,94AC23,-29.69096892,135.458708,53,84,MGN,,82,86,,
33,94AC24,-29.64223512,135.4584869,35,110.5,IGB,,110,111,,
34,94AC25,-29.61967306,135.4583848,35,55.025,INT,,55,56.08,,
35,94AC26,-29.63093615,135.4636008,27.5,73.5,IGB,,70,76,,
36,94AC27,-29.62281381,135.4635636,11,72.5,IGR,,72,73,,
37,94AC28,-29.65135179,135.4311478,6,68.5,MMR,,68,69,,
38,94AC30,-29.61480112,135.4309922,93.33333333,26.83333333,IGB,,26,29,,
39,94AC31,-29.62111854,135.4310191,15.5,31.55,LCV,,0,32,,
40,94AC32,-29.61975132,135.4351449,20,22.5,MGN,,22,23,,
41,94AC34,-29.66983808,135.556269,23.71428571,77.35714286,MSC,,60,92,,
42,94AC35,-29.66622823,135.5562492,16.25,67.8125,MSC,,55,78.5,,
43,94AC36,-29.66437953,135.5665725,5.666666667,76.33333333,MSC,,68,82,,
44,94AC38,-29.70134924,135.5740159,15,86.5,MUS,,84,87,,
45,94AC41,-29.72533277,135.6093073,10,102.2,MPT,,102,102.4,,
46,94AC42,-29.72058539,135.6113464,17.5,91.75,MSC,,90,93,,
47,94AC43,-29.72406406,135.6201561,31.5,101.75,MUS,,92,110,,
48,94ACD21,-29.63671899,135.4868714,127.8611111,93.06361111,MMR,,92.05,94.41,,
49,94ACD22,-29.69500287,135.4587573,1299.395604,111.4734615,MMR,,111.4,113.3,,
50,94ACD29,-29.64368068,135.4311152,487.2727273,89.21590909,IGR,,87.65,90.5,,
51,94ACD33,-29.69613991,135.4587832,1257.470588,120.0006863,MMR,,108.1,131.6,,
52,94ACD37,-29.70811766,135.5740544,10.77777778,87.25333333,BIF,,84.7,93.32,,
53,94ACD39,-29.6012085,135.705292,639.2,164.999,KCS,,163.86,168.1,,
54,94ACD40,-29.44110045,135.6570937,7.413793103,69.45931034,MGN,,56,71.25,,
55,95AC45,-29.34029417,135.5864024,46,38.5,IGR,,38,39,,
56,95AC46,-29.34570919,135.5864334,12,77.5,MGN,,62,79,,
57,95AC47,-29.35239675,135.5844113,7,56.5,MGN,,50,59,,
58,95AC48,-29.35021263,135.5885195,6,43.75,MGN,,43,44,,
59,95AC49,-29.35292014,135.5885351,24.5,55.75,IGR,,52,59,,
60,95AC50,-29.3523604,135.5926526,6,54.5,CLA,,52,55,,
61,95AC52,-29.34034792,135.574042,15,37.15,UNK,,37,37.3,,
62,95AC54,-29.34879645,135.5164011,160.5,65.875,KSN,,54,74,,
63,95AC55,-29.3514493,135.5071429,5.75,39.125,UNK,,32,42,,
64,95AC56,-29.35146878,135.5019921,79.33333333,41.83333333,MGN,,36,47,,
65,95AC57,-29.34644353,135.4942415,36.33333333,44.5,MGN,,40,48,,
66,95AC58,-29.30803239,135.5316419,24,45.5,CLA,,40,46,,
67,95AC61,-29.21520398,135.3552343,90.5,40,IGD,,30,50,,
68,95AC62,-29.202204,135.3207282,80.66666667,35.83333333,IGD,,30,41,,
69,95AC63,-29.18574972,135.2934209,45,29.75,IDR,,28,31,,
70,95AC64,-29.18737658,135.292397,55,34.83333333,CLA,,28,36,,
71,95AC67,-29.69280224,135.4504472,58,92.25,MUS,,80,94.5,,
72,95AC68,-29.69555979,135.4354712,36,89.5,MGN,,89,91,,
73,95AC69,-29.68924245,135.4354439,17,108.8,CLA,,101,109.2,,
74,95AC70,-29.67976643,135.4354031,21,136.95,CLA,,92,153,,
75,95AC72,-29.68374554,135.4597088,40.5,77.75,IGB,,75,81,,
76,95AC73,-29.68443756,135.4553193,17,130.5,IGB,,130,131,,
77,95AC77,-29.69093547,135.4682689,40,79.5,IGB,,78,82,,
78,95AC80,-29.37502734,135.5247767,148.2,52.25,IPG,,46,58,,
79,95AC81,-29.3703343,135.5247527,7,50.5,MGN,,50,51,,
80,95AC82,-29.36672426,135.5247342,34.33333333,45.91666667,CLA,,42,48,,
81,95AC83,-29.36176046,135.5247087,11,38,LSD,,38,40,,
82,95AC85,-29.34914144,135.5205234,18.5,44,IGR,,39,50,,
83,95AC86,-29.35321876,135.5164234,11,73,IGR,,68,74,,
84,95AC87,-29.34726218,135.5163933,32,55.625,MGN,,48,61,,
85,95AC88,-29.34420159,135.5143177,230,68.5,MGN,,68.5,69,,
86,95AC89,-29.34512778,135.5081417,11,47.85,MGN,,38,49.7,,
87,95AC90,-29.33968901,135.5142951,35,46,MGN,,42,50,,
88,95AC93,-29.21718232,135.420058,12,49.875,IGR,,48,51,,
89,95AC94,-29.22482641,135.3996138,10,115.175,LCV,,0,116,,
90,95AC95,-29.22482055,135.4015687,16.25,31.125,LCV,,0,38,,
91,95AC96,-29.23713655,135.4175669,93.5,45.25,MGN,,42,47,,
92,95AC97,-29.24568636,135.42532,25.75,47.875,IGR,,42,53,,
93,95ACD51,-29.35012238,135.588519,6.823529412,51.05823529,MGN,,43.7,60.28,,
94,95ACD59,-29.21501944,135.4190204,811.6984127,83.19984127,UNK,,80.85,89.79,,
95,95ACD60,-29.21969971,135.4231549,286.2222222,67.32037037,KSN,,67.18,67.89,,
96,95ACD65,-29.68221561,135.4452323,1005.821429,115.90375,MMR,,105.8,130.3,,
97,95ACD66,-29.68739615,135.4478391,1067.906977,104.4906977,BMG,,97.9,125.6,,
98,95ACD71,-29.68467996,135.4504109,1051.698113,108.499434,MMR,,106,109.1,,
99,95ACD74,-29.69484274,135.4606896,1244.872449,201.7217347,MMR,,176.9,203.1,,
100,95ACD75,-29.69702014,135.4573917,369.6266667,189.5002667,KSN,,183,192.9,,
101,95ACD76,-29.7006765,135.4699164,1057.716981,96.37735849,MMR,,87.42,100,,2.6865
102,95ACD78,-29.69155087,135.4600544,717.6666667,100.9863889,UNK,,100.6,106.6,,
103,95ACD84,-29.34879645,135.5164011,96.37931034,87.12189655,IGB,,86,89.6,,
104,95ACD91,-29.21528374,135.4210791,47.46666667,78.21666667,MMR,,78.1,79.8,,
105,95ACD92,-29.21565717,135.4171197,83.75,53.3875,IGR,,48,55.5,,
106,96AC118,-29.42490722,135.5322493,11.33333333,48,LSD,,30,54,,
107,96AC119,-29.42400472,135.5322446,17.16666667,54.375,LSD,,32,56,,
108,96AC120,-29.42133801,135.5219219,420,48.25,MGN,,48,48.5,,
109,96AC122,-29.46693114,135.5178236,7.666666667,28.33333333,MSC,,21,32,,
110,96AC123,-29.46784285,135.5154561,6.333333333,43.68333333,MSC,,28,48,,
111,96AC125,-29.69826638,135.4623591,536.1666667,87.75,MMR,,87,93,,
112,96AC126,-29.70050442,135.467538,120.6666667,83.5,CLA,,78,86,,
113,96ACD117,-29.42580972,135.532254,10.77777778,54.925,MUS,,52,66.3,,
114,96ACD121,-29.41764564,135.5425199,16.07692308,44.48269231,MGN,,37.4,51.3,,
115,97AC151,-29.69276489,135.4613003,149,70.875,LSD,,68,71,,
116,97AC152,-29.69095995,135.461292,23,70,LSD,,68,72,,
117,97AC153,-29.689155,135.4612838,15.3,83.95,LSD,,83,85,,
118,97AC154,-29.68735005,135.4612756,26.5,71.75,LSR,BRN,71,74,,
119,97AC155,-29.69099553,135.4509559,97.16666667,84.08333333,MSC,,80,90,,
120,97AC156,-29.68919058,135.4509479,413.9,100.1,LSR,GRY,100,101,,
121,97AC157,-29.68738563,135.4509398,319.5,103.75,MGN,GRN,102,107,,
122,97AC158,-29.68558068,135.4509318,166.3333333,84.33333333,LSR,BLU,83,86.5,,
123,97AC159,-29.69282837,135.4426949,180.6666667,98.05555556,MSC,GRY,92,104,,
124,97AC160,-29.69102342,135.442687,15,83,MPM,GRY,83,86,,
125,97AC161,-29.68921847,135.4426791,11.5,100,LSP,GRY,99,102,,
126,97AC162,-29.68741352,135.4426712,321.5,92.16666667,LSR,RED,90,96,,
127,97AC163,-29.69869947,135.4675296,265.8333333,76.58333333,LSP,GRY,74,79,,
128,97AC164,-29.69689453,135.4675213,25.28571429,95.89285714,SMT,BRN,94,101,,
129,97AC165,-29.69508958,135.4675129,14.75,84,LSD,GRY,81,87,,
130,97AC167,-29.69233865,135.4540628,12.625,84.25,MGN,GRY,84,87,,
131,97AC168,-29.6941436,135.454071,160.5,84,LSR,GRY,84,87,,
132,97AC169,-29.69594855,135.4540791,406.4285714,86.21428571,LSP,GRY,81,87,,
133,97AC170,-29.69100605,135.4478551,397.3333333,83,MUS,GRY,83,88,,
134,97AC171,-29.6892011,135.4478471,488.3333333,100.0833333,LSP,GRY,97,106,,
135,97AC172,-29.68515732,135.4426613,14,91.875,LSD,GRY,88,99,,
136,97AC173,-29.6905337,135.4540547,448.8,81.9,LSP,GRY,76,82,,
137,97RC128,-29.69593789,135.4571801,468.6666667,115.9583333,CLA,GRY,97,119,,
138,97RC129,-29.69503541,135.457176,593.3,57.6875,CLA,GRY,48,73,,
139,97RC130,-29.69413294,135.4571719,577.2272727,72.67045455,CLA,GRY,47,81,,
140,97RC131,-29.69323046,135.4571678,248.45,119.975,LSR,GRY,117,120,,
141,97RC132,-29.69232799,135.4571637,530.7142857,100.75,LSP,GRY,100,102,,
142,97RC133,-29.69142551,135.4571596,288.8,83.9,MGN,GRY,83,85,,
143,97RC134,-29.69052304,135.4571556,34.45454545,86.09090909,MAM,BRN,85,92,,
144,97RC136,-29.68826685,135.4571453,15.72727273,97.86363636,IGR,RED,91,102,,
145,97RC137,-29.69548665,135.457178,1162.105263,117.9210526,LSR,GRY,111,130,,
146,97RC138,-29.69597944,135.4582139,1863.75,105.6875,LSP,GRY,102,107,,
147,97RC139,-29.69629172,135.459249,1064.866667,110,MMR,PPL,104,114,,
148,97RC140,-29.69669425,135.4602845,805.7142857,93.78571429,MMR,RED,88,96,,
149,97RC141,-29.69434422,135.4613075,467,85.15384615,MMR,GRY,83,88,,
150,97RC142,-29.6952467,135.4613116,752.0714286,92,LSP,GRY,88,94,,
151,97RC143,-29.69614917,135.4613157,720.65,103.925,IGR,RED,102,104,,
152,97RC144,-29.69700652,135.4613197,577.875,99.8125,LSP,GRY,95,100,,
153,97RC145,-29.66996849,135.3940243,1690.304348,114,MGN,GRY,109,115,,
154,97RC146,-29.67168321,135.394031,1165.75,103.96875,MMR,GRY,103,107,,
155,97RC147,-29.6660878,135.3940092,27.3125,111.90625,LSP,GRY,102,117,,
156,97RC148,-29.66518532,135.3940056,18,94,LSD,GRY,86,104,,
157,97RC149,-29.67330768,135.3940373,19.15384615,110.1538462,LSP,GRY,94,135,,
158,97RC150,-29.67276619,135.3940352,74.09090909,102.0454545,MGN,GRY,90,123,,
159,98AC174,-29.69997384,135.4644344,32.85714286,75.92857143,LSP,GRY,75,77,,
160,98AC175,-29.69907137,135.4644302,95.5,69.75,CLA,GRY,46,70,,
161,98AC176,-29.6981689,135.4644261,583,79.25,CLA,GRY,45,80,,
162,98AC177,-29.69726642,135.4644219,324.75,72,LSP,GRY,72,73,,
163,98AC178,-29.69636395,135.4644178,260,74,LSP,GRY,72,75,,
164,98AC179,-29.69637118,135.4623504,660.8333333,80,BMG,GRY,78,86,,
165,98AC180,-29.69727366,135.4623546,436.5,75.75,CLA,GRY,39,76,,
166,98AC181,-29.6990786,135.4623628,57.33333333,74.83333333,MGN,GRY,74,77,,
167,98AC183,-29.70086175,135.4685734,14.5,66.25,CLA,GRY,44,67,,
168,98AC184,-29.69995928,135.4685692,37.5,72.5,CLA,GRY,42,73,,
169,98AC188,-29.70353965,135.4768558,3,69.5,CLA,GRY,38,70,,
170,98AC191,-29.69905681,135.468565,0,63.5,CLA,GRY,43,64,,
171,98AC192,-29.67756679,135.4178243,0,82.5,VMC,BRN,82,83,,
172,98AC195,-29.66948612,135.4043565,14.6,122,LSD,GRY,112,132,,
173,98AC196,-29.67490102,135.4043782,6,81.25,CLA,GRY,53,82,,
174,98AC197,-29.67219357,135.4043673,17,66.25,CLA,GRY,52,67,,
175,98AC198,-29.67491357,135.4002444,18,75.25,CLA,GRY,50,76,,
176,98AC200,-29.67493215,135.3940436,31.8,101.9,MSC,GRY,96,104,,
177,98AC201,-29.67405999,135.3837056,14,86.25,CLA,GRY,49,88,,
178,98AC202,-29.67135254,135.3836954,20,76.25,CLA,GRY,49,78,,
179,98AC203,-29.66864508,135.3836851,19,76.25,CLA,GRY,47,78,,
180,98AC204,-29.6605227,135.3836543,13.5,74.25,CLA,GRY,54,76,,
181,98AC205,-29.66233957,135.3795278,17.5,94.875,LCY,GRY,91,102,,
182,98AC206,-29.66414455,135.3795346,8,79.25,LSD,GRY,78,81,,
183,98AC207,-29.66775449,135.3795481,18,73.5,CLA,GRY,48,74,,
184,98AC208,-29.66955947,135.3795549,14,76.25,CLA,GRY,52,77,,
185,98AC209,-29.65693348,135.3764077,18.5,73.25,CLA,GRY,55,74,,
186,98AC210,-29.66274861,135.3939961,18.2,93.8,CLA,GRY,88,102,,
187,98AC212,-29.65913866,135.3939821,18.5,73.75,CLA,GRY,49,74,,
188,98AC213,-29.65733369,135.393975,16,74.25,CLA,GRY,52,75,,
189,98AC214,-29.65867041,135.3996634,10,71.25,CLA,GRY,43,72,,
190,98AC215,-29.65775382,135.4043096,19,72.25,CLA,GRY,50,73,,
191,98AC216,-29.66046128,135.4043204,19,76.25,CLA,GRY,49,77,,
192,98AC219,-29.68840306,135.4158019,16,77.5,CLA,GRY,51,78,,
193,98AC220,-29.68828105,135.453011,25.66666667,92.66666667,SMT,BRN,91,97,,
194,98AC221,-29.68737858,135.453007,20.5,76.25,CLA,GRY,41,78,,
195,98AC222,-29.6864761,135.4530029,23,75.25,CLA,GRY,39,76,,
196,98AC223,-29.68755554,135.4540413,38.66666667,79,MGN,GRY,79,84,,
197,98AC224,-29.68665306,135.4540373,23,57.5,CLA,GRY,40,58,,
198,98AC225,-29.683328,135.4498881,21,101,SMT,GRY,88,102,,
199,98AC226,-29.68334371,135.4452372,21.5,65.5,CLA,GRY,33,66,,
200,98AC227,-29.68144851,135.4452289,12,81.25,CLA,GRY,37,82,,
201,98AC228,-29.69173292,135.4464112,22.5,78.25,CLA,GRY,42,80,,
202,98AC229,-29.69326573,135.4468315,7.666666667,78.66666667,LSP,GRY,77,79,,
203,98AC230,-29.68735364,135.460242,20.5,72.75,CLA,GRY,46,73,,
204,98AC231,-29.6928047,135.4497236,64,68.25,CLA,GRY,43,69,,
205,98AC232,-29.69834213,135.4664943,18.5,63.25,CLA,GRY,47,65,,
206,98AC233,-29.6990641,135.4664976,93.33333333,82,MSC,GRY,74,90,,
207,98AC234,-29.69996658,135.4665018,23,67.66666667,MUS,GRY,66,72,,
208,98AC235,-29.70177152,135.4665101,92.5,65.5,CLA,GRY,36,66,,
209,98AC236,-29.70801437,135.487215,111.6666667,97.16666667,CLA,GRY,93,99,,
210,98AC237,-29.70981931,135.4872237,739.3333333,84.16666667,LSP,GRY,83,86,,
211,98AC238,-29.71162424,135.4872324,45.66666667,80.5,CLA,GRY,79,83,,
212,98AC239,-29.71342918,135.4872411,26,50.25,CLA,GRY,34,52,,
213,98AC241,-29.71068333,135.4975661,170,93.66666667,LSR,GRY,93,95,,
214,98ACD242,-29.66653289,135.3960777,1093.5,286.9985887,MMR,GRY,286.3,287,,
215,98ACD243,-29.69431308,135.4572761,793.2,193.6255814,BMG,RED,190,195.6,,
216,98RC244,-29.70242638,135.4727156,45.2,136,MGN,GRY,135,146,,
217,98RC245,-29.70075681,135.4727078,131.4285714,103.7857143,IGR,RED,102,104,,
218,98RC246,-29.69983952,135.4768384,14.57142857,139.7857143,SMT,GRY,132,140,,
219,98RC247,-29.70164446,135.4768469,13.2,141,SSH,GRY,131,146,,
220,98RC248,-29.70167398,135.4685771,40.93333333,93.9,UNK,GRY,88,94,,
221,98RC249,-29.69896656,135.4685646,56.4,89.9,MUS,GRY,89,98,,
222,98RC250,-29.69825188,135.4664939,72.11111111,111.9444444,MUS,GRY,111,116,,
223,99DD251,-29.66654643,135.6265198,133.7704918,221.5032787,MMR,GRY,217.1,232.8,,
224,99DD252,-29.66442998,135.6350834,153.9428571,110.72,IGB,GRY,101,113.7,,
225,99DD253,-29.65288235,135.6150697,1184.572917,132.0104167,IGR,RED,131.2,132.8,,
226,99DD254,-29.64604516,135.6103789,136.6470588,145.7529412,IDO,GRY,142.2,146.6,,
227,99DD255,-29.62814034,135.5983918,160.8378378,74.4972973,MUS,GRY,73.5,74.5,,
228,99DD256,-29.62365353,135.5926842,97.55555556,85.70555556,IGR,RED,84.3,91.2,,
229,99DD257,-29.63265358,135.5982119,1063.752475,175.5054455,MTS,GRN,173.7,177.5,,
230,99DD258,-29.63517954,135.5984334,1159.777778,180.0106481,MUS,GRN,179.9,183,,
231,99DD259,-29.65073937,135.6100973,291.3611111,244.8888889,MUS,GRY,243.9,245.1,,
232,99DD260,-29.65468726,135.6150807,950.6818182,153.0159091,IGR,GRY,150,153.4,,
233,ABT001,-29.57008537,135.6018897,132.5,60.25,MGN,GRY,60,63,3.6,
234,ABT002,-29.57080384,135.6026682,143,62,MGN,GRY,60,67,1.595,
235,ABT003,-29.57080384,135.6026682,65,63,MGN,GRY,62,68,1.74,
236,ABT004,-29.50440963,135.5543514,14.16666667,36,BIF,RED,28,48,17.13083333,
237,ABT005,-29.50440231,135.5561053,15.76923077,33,BIF,YEL,30,44,103.4246154,
238,ABT006,-29.50439799,135.557137,23.92307692,35,MGN,GRY,28,48,1.226923077,
239,ABT007,-29.46832847,135.5497202,15.8,38,MGN,GRN,30,48,1.333,
240,ABT008,-29.46832335,135.5509578,20.38461538,39,MGN,WHT,38,42,245.66,
241,ABT009,-29.4683178,135.5522985,49.27272727,35,MSC,YEL,34,36,1.658888889,
242,ABT010,-29.38992295,135.5214729,57.2,42,MSC,MUV,42,44,3.833,
243,ABT011,-29.38991892,135.5225035,31.45454545,44.95454545,MSC,GRN,44,55,1.458181818,
244,ABT012,-29.38991487,135.523534,32.25,42,MSC,KHA,38,44,1.51875,
245,ABT013,-29.3905183,135.5529083,15,40.83333333,GOS,RED,40,43,7.65,
246,ABT014,-29.38889379,135.5528995,41.6,45,CLA,WHT,44,46,1.814,
247,ABT015,-29.38799129,135.5528946,40.77777778,48.94444444,MGN,GRY,44,57,1.283333333,
248,ABT016,-29.34688535,135.4429635,34.75,42,MGN,BLU,42,50,1.2725,
249,ABT017,-29.34688877,135.4419334,118.1666667,39.91666667,MGN,BLU,35,40,10.99666667,
250,ABT018,-29.34689218,135.4409032,31.54545455,43,MGN,BLU,42,54,11.74727273,
251,ABT021,-29.32650434,135.3089837,69.625,38,MGN,GRY,34,46,1.415,
252,ABT022,-29.32740688,135.3089864,137.6666667,37,MSC,BLU,32,43,15.89222222,
253,ABT023,-29.32830942,135.3089891,66.22222222,35,MGN,GRY,30,44,4.677777778,
254,ABT025,-29.31671229,135.409415,37,58,IPG,BLU,58,60,2.335,
255,ABT026,-29.3181161,135.4078243,25,58.83333333,IPG,WHT,57,61,0.943333333,
256,ABT027,-29.36996269,135.609982,28,54,IGR,RED,54,58,2.3575,
257,ABT028,-29.36860894,135.609974,109.1666667,54,MGN,GRN,52,60,1.745,
258,ABT029,-29.3674357,135.609967,22.25,49.875,MSC,BLU,48,50,1.61,
259,ABT030,-29.41577976,135.5968549,47.5,43.525,SMT,GRY,32,44,15.67,
260,ABT031,-29.41577537,135.5978341,70.6,28.9,KCS,GRN,26,33,1.298,
261,ABT032,-29.41576958,135.5991226,83.66666667,24.83333333,KCS,GRN,24,27,1.433333333,
262,ABT033,-29.45265853,135.604392,82.42857143,41,MSC,BLU,36,46,1.355714286,
263,ABT034,-29.45193279,135.6052127,43.6,34.9,BIF,RED,32,39,2.366,
264,ABT035,-29.45120705,135.6060333,41.28571429,38.92857143,MSC,GRY,33,42,1.212857143,
265,ARMN1,-29.58632059,135.6254557,17.07692308,173.938,MGN,,166,174.6,89.46100694,2.793780488
266,BALTA_1,-29.22388351,135.4977572,7.944897959,49,SST,GRY,20,98,,
267,BALTA_6,-29.3433252,135.4360052,47.59166667,59.99166667,SMT,GRY,40,64,,
268,BLZ1,-29.6077309,135.710842,50.54216867,289.9819277,MGN,,278.2,296.3,,
269,COMP_1,-29.30038794,135.5470675,17.71333333,30,SST,GRY,16,38,,
270,DAR001,-29.71232606,135.4652356,42.87387387,188.9977477,SLM,GRY,156.8,190.1,5,
271,DBD001,-29.70451292,135.5272253,153.7216495,170.9969072,MMB,GRN,144.7,267,1.128453608,3.15757732
272,DD06PHE001,-29.7192911,135.5862354,1247.814159,407.6889381,SST,CRM,369.9,415.3,0.596785714,2.826226804
273,DD06PHE003,-29.72041916,135.5862419,639.0300752,338.1827068,SST,PPL,319.1,340.45,1.26634981,2.806230769
274,DD06PHE004,-29.71752673,135.587259,204.7117117,240.8432432,SLM,GRY,239.2,241.4,12.03634259,2.828674419
275,DD07TUR001,-29.65151331,135.6164252,221.03,339.885,IFS,GRN,338.8,347,135.1285983,3.21313798
276,DD07TUR002,-29.65032856,135.6188977,175.38,440.33875,MMR,GRN,436.87,443.32,146.1299473,3.220764912
277,DD09CAL010,-29.72843188,135.6110898,183.9283154,290.1820789,MUS,GRN,289.7,291,0.587764228,2.933245383
278,DD09CLS001,-29.57456263,135.5017704,7.424324324,226.1234234,KSC,GRN,211,271.6,1.4072,2.964294118
279,DD09CLS002,-29.57505113,135.5156075,6.932758621,185.0461782,KCS,GRN,152.6,187.8,4.785743243,3.013194757
280,DD09EUR001,-29.57597322,135.4864971,11.95327869,245.642623,KCS,GRN,239.6,251,0.972107623,2.955355164
281,DD09JUL001,-29.70211767,135.6391405,103.3698529,303.8071691,IPG,ORA,283.8,311.05,11.51282787,2.769766454
282,DD09KND002,-29.54840463,135.4335177,9.707009346,218.7560748,IDR,GRY,208.9,273.2,5.967437186,2.904226562
283,DD09LAR004,-29.71852436,135.6659706,67.48308458,236.3475124,MGN,BLU,199.5,276.2,0.869870968,2.73707947
284,DD09LAR005,-29.72588177,135.6652401,116.0257212,444.4798077,MPH,GRY,202,507,8.071409214,2.852992987
285,DD09LAR006,-29.73606668,135.6555944,93.19442509,309.9663763,VAN,BRN,303.4,318.5,1.190790514,2.81842562
286,DD09NEP006,-29.73604729,135.6162855,91.75031646,338.2147152,VAN,BRN,331.7,348.3,10.88309609,2.871485401
287,DD09NWL001,-29.76549202,135.6325148,807.1012438,283.6988806,ILM,GRN,282.9,287.2,62.16927114,2.95751532
288,DD09PHS001,-29.77757249,135.5697638,406.0808023,358.2970774,VBS,GRN,338.7,363.9,3.823016393,2.779
289,DD09PRT004,-29.73061225,135.6424171,154.7840909,293.5617898,VSS,RED,274.5,318,1.104713376,2.893243986
290,DD09TRI005,-29.74770962,135.6370762,463.3918149,239.6129537,FTZ,GRN,233.5,242.6,6.742195122,2.758917808
291,DD09TRI007,-29.74420186,135.6281766,412.2644951,328.8019544,VAN,BRN,317,334,19.64903346,2.890304762
292,DD09TUR003,-29.64373441,135.6139994,32.80833333,54,SCH,BLK,39,57,,
293,DD09ZEU001,-29.61547613,135.58269,43.27016575,207.2444751,IGN,GRY,136.5,251.9,14.40274074,3.024735772
294,DD09ZEU002,-29.61350124,135.5719579,32.06043956,117.3384615,IGB,GRN,116.3,213.6,20.62846154,2.789704082
295,DD09ZEU003,-29.62029203,135.571015,177.9105788,281.1197605,IGR,RED,262,285.4,14.69549587,2.726294118
296,DD10BBD001,-29.64910721,135.3275227,55.32045455,163.0530303,IGR,RED,160.8,164.5,14.14965116,2.923824242
297,DD10BDK001,-29.70291879,135.5229755,93.03699732,382.288874,KCS,GRN,376.3,382.3,30.03622419,3.033934272
298,DD10BDK002,-29.70552722,135.5231892,163.3741935,201.8012903,KCS,GRN,170.3,226.5,4.684049587,3.014563636
299,DD10BDK003,-29.70369767,135.5278027,91.75391304,364.6283696,IIN,GRY,347.6,389.4,4.2681,2.951888889
300,DD10CRD005,-29.70565326,135.4618208,91.64565826,316.4677871,SLM,GRY,308.7,319.2,1.604968944,2.812617647
301,DD10CRD006,-29.70331658,135.45297,138.5977273,331.063474,SLM,PNK,299.5,335.8,1.17011194,2.799335664
302,DD10CRD007,-29.69835868,135.4585758,41.60098039,326.0982026,SLL,CRM,310,379.1,1.987548638,2.820763359
303,DD10CRD008,-29.71190211,135.4596877,122.2219136,332.3671296,MMP,GRN,328.2,364.5,4.393564014,2.957528986
304,DD10CRD009,-29.71426681,135.4597017,135.693617,306.9986879,SLM,PNK,302.3,307,5.88045082,2.785509677
305,DD10CRD010,-29.70005132,135.4639972,48.80578512,270.4683884,MPL,GRY,253.1,274.6,1.76453202,2.811021277
306,DD10DAN001,-29.77348552,135.9341314,14.65483871,93,LSD,GRY,66,105,0.513984375,
307,DD10DNH001,-29.74290885,135.9061211,114.8504076,526.4183424,IFS,PNK,523.8,533.3,2.395865672,2.882574074
308,DD10EPS001,-29.70908147,135.4900283,513.0102564,206.2025641,KSC,GRN,198.9,217.9,56.13519149,2.997238494
309,DD10EPS002,-29.71313335,135.49008,67.38965517,339.8804075,VBA,RED,327,362.4,5.976619217,2.865977778
310,DD10EPS003,-29.71598123,135.4903942,250.0442464,615.7889789,VAN,RED,614,624.2,2.991357388,2.774312693
311,DD10EPS004,-29.70882008,135.4931321,252.0415301,384.1144809,KSM,GRN,348.5,420.8,71.72464832,2.991414773
312,DD10EPS005,-29.70805487,135.4877072,184.5141479,338.2212219,MMP,BRN,305.8,349,26.85568773,2.892520548
313,DD10EPS006,-29.71124314,135.4900454,174.3937947,443.7813842,BML,GRY,397.7,461.5,10.39608355,2.79955
314,DD10HLH001,-29.70638692,135.8482118,627.5040998,505.3698217,VBA,RED,467.7,552.5,83.89834764,3.037159259
315,DD10HLH002,-29.70322921,135.8482162,56.50342679,547.4246106,MGN,GRY,522.7,549.6,0.58887218,2.735651429
316,DD10HLH003,-29.70790708,135.8508735,608.7468254,424.6565476,VBS,RED,411.3,432.1,7.741780822,2.909803279
317,DD10HLH004,-29.70527045,135.8440656,436.7405975,539.2920035,VAN,RED,525.4,546.8,24.86359649,2.925192118
318,DD10HLH005,-29.70500437,135.8505886,129.8127139,431.5184597,SLM,WHT,430.6,445.4,7.105709343,2.74815
319,DD10MET001,-29.74444244,135.642635,95.83602694,327.626936,VBS,BLK,315.3,330.7,6.195697674,2.786958042
320,DD10MHW003,-29.77386273,136.0416347,48.17164634,559.9206098,VBS,GRN,557.8,561.4,43.63560748,2.994770883
321,DD10MHW004,-29.78260579,136.0484479,61.75102564,465.0180513,MUS,GRN,459.3,473,10.83515679,3.006055762
322,DD10NEP007,-29.74064086,135.6288412,372.8635659,268.6382558,VAN,GRN,254.5,274.6,11.89133333,2.891678571
323,DD10NEP008,-29.73986985,135.6260044,162.2113527,417.6877536,VAN,PPL,362.5,426,2.878957219,2.933910145
324,DD10NEP009,-29.74386028,135.6313523,323.7466993,415.8413692,VAN,RED,379,417.9,10.75351064,2.871573723
325,DD10NEP010,-29.74004816,135.632967,655.434252,271.9677165,VAN,BRN,263.65,278.4,9.316108597,2.879218978
326,DD10NEP010W1,-29.74004816,135.632967,562.7565217,434.6946584,VAN,RED,415.9,444.5,7.454503106,2.935066007
327,DD10NEP011,-29.74029939,135.6355563,761.1964557,405.3422785,VAN,GRN,390,418,20.69887052,2.894540179
328,DD10NEP012,-29.74554565,135.6342308,224.7198992,410.8564232,VAN,RED,403.4,413.4,5.647765363,2.880972603
329,DD10NEP013,-29.74431662,135.6375592,412.386037,498.5391581,VBS,GRY,483.2,545.1,3.520199557,2.817356223
330,DD10NWL002,-29.76203706,135.6363104,443.8066038,449.6509434,MPL,PNK,440.7,461,4.160384068,2.711558172
331,DD10PHW015,-29.71382056,135.5232934,101.8325806,349.0393548,MUS,PNK,345.7,349.7,9.089804688,2.735604167
332,DD10PHW016,-29.71664692,135.5215857,73.38717949,318.0764103,VFT,GRN,312.1,332.1,0.846410256,2.7394375
333,DD10PKN001,-29.53770948,135.3769041,53.65873016,169.6199206,MGG,RED,146.4,171.7,92.88310345,2.888881579
334,DD10PLT001,-29.77938294,135.9248567,16.12539683,261.6780423,LSD,GRY,159,294.5,1.01875,3.080090909
335,DD10PLT003,-29.77991627,135.9228554,6.851966292,553.9599719,BIF,GRY,505.3,672,1.733390929,3.348640449
336,DD10PRT005W1,-29.73145925,135.6380848,146.0023904,405.2928287,VBA,GRY,399.5,408.6,2.79516,2.839812903
337,DD10PRT006,-29.73397563,135.6370498,80.83013245,318.8668874,VBA,GRN,317.1,321,15.52530303,2.826233333
338,DD10PRT007,-29.73642394,135.6359895,502.9741602,408.0984496,VAN,GRN,392.5,444.5,83.67612536,2.923418079
339,DD10SCY001,-29.73173436,135.6230705,58.4649635,317.0591241,VBA,RED,308.5,341,1.595,2.782091533
340,DD10TRI008,-29.74911363,135.6269857,733.1042813,410.3684098,VAN,BRN,404.7,421.4,5.244188312,2.769916094
341,DD10TUR007,-29.65177841,135.6157134,267.4964349,356.2046078,KSM,BLK,355.1,388.3,166.5669138,3.046655378
342,DD10TUR008,-29.63865503,135.6083881,310.3768224,557.2734579,MSC,GRY,556.5,558.2,32.17868644,2.810284247
343,DD10TUR010,-29.64242697,135.6157735,30.76503497,194.9223776,LSD,GRY,156,195,0.340422535,2.700785714
344,DD10TUR011,-29.63713966,135.6101766,567.2739583,428.0195312,MUS,GRN,388.5,450,23.88541806,2.874027211
345,DD10TUR012,-29.63481739,135.6020791,205.7591781,370.1560274,IGR,PNK,351,381,41.0142515,2.802080952
346,DD10UMB001,-29.70671673,135.3845929,66.58941606,409.2233577,VAN,RED,408.5,423.8,4.906526946,2.713
347,DD10UMB002,-29.70808748,135.3845643,124.0889724,333.1884712,VDA,RED,331,341.6,13.5906192,2.740858462
348,DD10WHN001,-29.59208374,135.5209433,38.41142857,172.6394286,IGB,GRN,120.8,278,3.775377358,3.001369792
349,DD10WTH007,-29.69178969,135.4829905,39.26802326,214.9421512,IGB,GRN,189,234.5,111.2699333,2.942575
350,DD11A2001,-29.69053604,135.3964833,61.64707379,320.2673028,MPT,BLK,320,345.9,11.92841499,2.998921348
351,DD11A2002,-29.68821009,135.3966693,113.7903409,310.8585227,MUS,GRY,308.6,311.9,25.08421053,2.980180328
352,DD11A2003,-29.68670503,135.4020259,40.83341404,383.6192494,MGG,WHT,362.8,392.2,17.53907357,3.008821839
353,DD11A2W001,-29.68710458,135.3799457,106.5488959,294.227918,MGN,GRY,292.2,299.3,28.13236559,3.004146853
354,DD11APH001,-29.58431088,135.6020781,36.4774026,345.0612987,MUS,GRN,341.4,354,8.212493506,2.653657895
355,DD11APH002,-29.57750486,135.5707627,39.70229885,328.44,MGG,BLK,322.2,338.1,13.81395,2.753235294
356,DD11APH003,-29.58186398,135.5696308,69.24931818,327.2485227,BML,GRN,322.9,328.8,7.504189526,2.686310881
357,DD11ARMN001,-29.58703666,135.6380894,15.01113801,395.096368,MGN,BLK,383.4,401.4,86.14032345,2.794639706
358,DD11BBT001,-29.37394245,135.5319293,83.47464789,283.4272887,MMB,WHT,279.4,301.5,5.889182879,2.717979866
359,DD11BBT002,-29.37966287,135.5336091,63.60543933,255.6679916,MGN,PNK,233,264.3,0.1665625,2.658052632
360,DD11CRD012,-29.71472093,135.4691744,298.2683706,335.9305112,BML,GRY,326.1,349.5,15.66174905,2.857105634
361,DD11CRDW001,-29.70581703,135.4372615,27.21818182,210.3150718,MPL,GRN,164.8,252.4,59.37538012,3.081515152
362,DD11CRDW002,-29.70157778,135.4485885,100.6443396,336.9638365,MPL,BLK,334.8,346.6,5.998214286,2.803513333
363,DD11CRDW003,-29.70171096,135.4221967,42.67147766,319.6387629,MPL,WHT,313,326.2,1.966213992,2.852321739
364,DD11CRDW004,-29.7043845,135.4222038,36.01770186,354.6384472,MPL,GRN,348,360.2,4.357408759,2.732445313
365,DD11CRDW005,-29.71880775,135.4252229,14.08655738,344.7052459,SCG,GRN,297,394.5,0.095245283,2.63925
366,DD11CRDW006,-29.70699734,135.4222126,35.91258065,335.1503226,VBX,BRN,257,337.7,0.866231343,2.706224638
367,DD11EPS007,-29.70721824,135.4898999,200.3110818,408.8559367,MBF,BRN,395,421.1,59.60139466,2.890421053
368,DD11EPS008,-29.71870272,135.4916248,88.1653125,348.038125,BHY,GRN,319.5,371.4,0.90625,2.745
369,DD11EPS009,-29.7092441,135.4889863,139.5762611,339.1945104,MUS,RED,333.3,357.7,4.572525253,2.765106918
370,DD11EPS010,-29.71147691,135.4822757,39.93649789,340.6270042,BML,WHT,334.6,349.7,5.428223235,2.978359116
371,DD11EPS011,-29.71578161,135.4881388,192.4219316,428.8077867,VDA,RED,428.4,434.3,1.223880266,2.772751244
372,DD11EPS012,-29.72579444,135.4793041,6.901253133,410.7701754,VAN,ORA,389.8,466.5,0.713544669,2.579254777
373,DD11EPS013,-29.71568549,135.4956659,35.24849624,305.2458647,VAN,BRN,267.8,345.05,4.249861751,2.72931068
374,DD11EPS014,-29.71451817,135.4849018,533.7056022,374.9806723,VBA,GRN,370.7,375,3.752586751,2.799796512
375,DD11EPS015,-29.71640087,135.4849007,122.6610592,331.2247664,VAN,PPL,328.4,356.3,1.466868327,2.738125
376,DD11EPS016,-29.71589707,135.4817723,171.2311429,374.832,VBA,PPL,371.1,395.2,6.670929487,2.810076923
377,DD11EPS017,-29.71175734,135.4970067,98.21680217,392.2673442,MPL,GRN,389.9,395.7,1.745349544,2.743821429
378,DD11EPS018,-29.71923754,135.4949575,32.10862069,315.5882759,VCI,RED,295.9,352,0.67016,2.67982906
379,DD11EPS020,-29.71333783,135.5026389,125.8957447,331.6743161,BFL,GRY,328.7,333.1,1.947389558,2.750770833
380,DD11HLH006,-29.70631919,135.8392102,301.3392252,403.9507264,VAN,BLK,402.8,408.5,5.242903226,2.872289855
381,DD11HLH007,-29.71764908,135.8570623,16.92937365,312.2109071,SDO,CRM,275.4,367.4,0.089382423,2.795544118
382,DD11HLH008,-29.70391678,135.8457478,85.75505882,441.9488235,MMP,GRY,436.6,448.5,4.299363057,2.668781022
383,DD11HLH009,-29.70778248,135.8529023,776.7349254,310.6385075,VBA,BRN,307.3,318.1,50.33921053,2.935755556
384,DD11HLH010,-29.70588819,135.8528812,693.8874539,328.3411439,VBA,GRN,312.8,353.8,11.78795322,2.855186047
385,DD11JDMSE001,-29.70068413,135.4795965,320.4435829,320.5597594,KSM,GRY,287.3,323.3,67.45197861,3.077484375
386,DD11JDMSE002,-29.69916581,135.4795959,140.2723077,350.4514286,IAN,GRN,286.6,373.2,26.24345771,2.917462121
387,DD11JDMSE003,-29.69992354,135.470086,315.2722045,304.3167732,MPM,GRY,301.5,309.8,23.95095406,3.0269875
388,DD11JDMSE004,-29.69452806,135.4767323,46.71538462,422.479533,IAN,GRY,420.5,434.9,144.6623567,3.172393443
389,DD11JUP001,-29.44885667,135.5674424,132.7224747,374.0991162,MGN,GRY,366.3,383.9,1.127069892,2.845721393
390,DD11JUP002,-29.44652331,135.5685239,103.6594521,341.049863,MGN,GRY,321.3,353,0.264277457,2.759283505
391,DD11JUP003,-29.44269459,135.5884914,69.00796703,313.7649725,SLM,WHT,304,370.6,1.484261364,2.73888764
392,DD11LFE001,-29.71207577,135.7236853,48.72038835,370.0066748,MPH,GRY,360.1,490.7,41.85086721,2.872631579
393,DD11LFE002,-29.71476431,135.7237141,59.91830239,354.2376658,MGN,PNK,350.7,389.4,1.28991018,2.709878981
394,DD11MET002,-29.74641336,135.6426604,51.44783715,373.8503817,VBA,GRN,368.3,381.8,1.569719888,2.318390244
395,DD11MET003,-29.74696074,135.6523451,79.02482014,393.2273381,VBA,BRN,375.8,393.8,1.945173745,2.74742381
396,DD11MRS001,-29.51553896,135.547179,26.59011299,325.6254237,MSC,BRN,302,332.4,0.847945619,2.746626506
397,DD11MRS002,-29.50963094,135.5412281,11.72108844,252.4818027,MGG,GRY,245.9,266.7,0.213935018,2.666145299
398,DD11MXW001,-29.68464089,135.3212271,86.7069697,376.3927273,IGR,RED,363.1,388.1,11.97852941,2.674666667
399,DD11NWL003,-29.76361254,135.6382263,32.6670282,351.2160521,BRC,WHT,350,351.6,0.274299754,2.616142857
400,DD11NWL004,-29.7601776,135.6529422,15.73051948,313.2290584,SDO,PNK,308.8,464.2,0.033843137,2.759057143
401,DD11ONA001,-29.61466605,135.3107614,43.84228188,308.1909396,IDR,GRN,292.3,330,40.34404494,2.893589552
402,DD11ONA002,-29.61626419,135.3125326,60.85991736,268.3568182,IDR,GRN,248,273.8,51.53985075,2.936092784
403,DD11PER001,-29.68724206,135.9428743,144.5054945,468.6186813,SMT,GRY,462,471.2,99.79403292,2.861586207
404,DD11PHW017,-29.71482082,135.5191906,20.98492308,197.5781538,MPP,GRN,168,214,3.179171975,2.771115385
405,DD11SAT001,-29.42936682,135.5636892,46.68925373,298.7956716,IGR,WHT,298.2,299.7,0.998611987,2.813136095
406,DD11SAT002,-29.43214772,135.5605679,23.40670732,356.3820122,MMB,GRN,348.9,379.5,0.261014493,2.702026549
407,DD11SAT003,-29.42910063,135.5636319,70.89151515,325.620303,MAM,GRN,324.4,328.7,1.342935484,2.792261538
408,DD11SAT004,-29.43219815,135.5638528,66.07777778,345.1760234,MGN,GRY,338.9,358.1,0.212993827,2.782713376
409,DD11SAT005,-29.42771297,135.5474063,31.72280702,288.4319298,MMG,GRY,247,296.8,30.5856654,2.843094017
410,DD11TOR001,-29.71053757,135.8203061,75.09057143,355.496,SIS,PPL,323.9,378.6,0.727653061,2.81987234
411,DD11TOR002,-29.70407297,135.8005231,28.47663551,391.2625,SDO,GRY,381.3,391.7,0.500860215,2.782546584
412,DD11TUR013,-29.65408006,135.6180536,157.2002865,347.6004298,MQF,GRN,307,362.6,64.94304348,2.913214286
413,DD11UMB003,-29.70632841,135.387905,55.93666667,385.8016667,SBX,PNK,342.8,408.5,5.188658147,2.74505298
414,DD11UMBE001,-29.69812576,135.407197,150.0820423,265.9521127,MPL,WHT,263.9,278.1,8.137413793,2.730403846
415,DD11UMBE002,-29.69670295,135.4127494,117.8516616,369.8311178,KCS,BRN,323.9,375.3,8.026594982,2.853651852
416,DD11UMBW001,-29.68628136,135.3629659,26.35772727,258.5809091,BML,GRY,226.8,262.4,1.127966102,2.70573494
417,DD11UMBW002,-29.69822508,135.3622822,34.66344538,287.7945378,IGR,RED,287.15,288.1,0.246833333,2.57040625
418,DD11UMBW003,-29.69569878,135.3637578,129.2248945,222.3177215,SDO,RED,213,248.4,0.277046632,2.812855769
419,DD11UMBW004,-29.69734649,135.3653891,74.32017544,267.7436404,SDO,WHT,265.5,283.9,1.678426966,2.736342105
420,DD11UMBW006,-29.6959437,135.3659128,175.8081461,355.8566011,BRD,GRY,341.6,356.3,0.548,2.800297619
421,DD11UMBW007,-29.68920847,135.3589794,56.34483871,321.4270968,SCA,PNK,316.5,329.9,4.090888031,2.788232394
422,DD11UMBW008,-29.69367949,135.3607326,22.6776204,426.0395184,MPL,RED,385.9,433.5,0.21947541,2.801788462
423,DD11UMBW009,-29.69681111,135.3728942,11.63209877,331.9964506,SDO,PNK,324.5,332,0.325595668,2.792576923
424,DD11UMBW010,-29.70135831,135.3721426,10.84876033,298.5884298,SST,RED,287.3,314.4,0.327580645,2.709694737
425,DD11UMBW011,-29.70474435,135.3787981,25.16925795,341.0353357,SCA,RED,340.9,343,0.606351931,2.711448598
426,DD11WDF001,-29.51383732,135.6051129,24.21961722,318.2711722,MPL,GRN,285.2,324,25.88032419,2.796675127
427,DD11WDF002,-29.5118003,135.6081585,13.11393443,222.8,MUS,GRY,218,228.2,0.805339367,2.684375
428,DD11WDFS001,-29.54886338,135.6033808,12.60716253,344.0370523,MPG,GRY,335.5,353.4,41.19,2.7436125
429,DD12BBS001,-29.67019826,135.3223276,103.235274,347.5517808,MPT,GRY,346.2,349.88,0.96172093,2.754067308
430,DD12BBS002,-29.66829364,135.3565519,90.6006135,348.2411963,MPG,GRY,348,399,3.112359155,2.752634783
431,DD12BBS003,-29.65951816,135.3040223,54.353125,95.99453125,SSH,BLK,63,96,,
432,DD12BBS004,-29.65954393,135.304025,43.25461957,425.1518478,SST,GRY,411.1,435,0.758344595,2.782317241
433,DD12BBS005,-29.66222478,135.3032974,62.01946472,448.4651825,SIS,BRN,341.7,459.2,5.039356725,2.793823529
434,DD12BBS006,-29.6647741,135.3033032,82.54747191,423.1103933,SDO,PNK,421.1,424.3,,2.722668966
435,DD12BBS007,-29.68020482,135.3410726,41.19349845,390.3072755,MDO,BUF,386,397.3,0.633347458,2.771900763
436,DD12BBS008,-29.68317136,135.3403034,68.18360129,368.5202572,SDO,PNK,366.2,368.8,0.486008772,2.680116667
437,DD12BGF001,-29.79633959,135.586318,64.29741935,337.4453226,MPP,GRY,337,338.4,0.118995984,2.790053097
438,DD12BRM001,-29.72293259,135.7366253,16.04275362,175.6612319,SCG,RED,137.4,319.7,0.398913043,2.730486486
439,DD12BRM002,-29.74455334,135.7293351,144.2907348,360.0036741,VST,GRY,325.7,369,0.658100775,2.845
440,DD12CRD013,-29.71412895,135.4576374,141.6982206,314.5620996,MPL,GRN,309,326,8.209346939,2.760052174
441,DD12CRD014,-29.71283122,135.4498381,36.14255319,266.0304255,BML,PNK,252.2,278.4,3.114880952,2.724468085
442,DD12CRD015,-29.71417775,135.4748429,118.756,367.7690769,MPL,GRY,340.9,426.3,10.63639405,2.826261905
443,DD12CRD016,-29.71506675,135.4554074,138.0883268,291.9766537,IQP,PNK,291,296,8.269627907,2.802490566
444,DD12KND003,-29.56794384,135.486361,71.52560976,248.2318293,MPG,GRY,246.1,259.3,0.224459459,2.720648936
445,DD12KND004,-29.55682378,135.4525662,69.61518519,286.6832963,IGB,GRY,276.2,305.1,7.563577236,2.917921569
446,DD12LARE001,-29.72385444,135.6994548,38.32633229,349.0592476,VCT,BRN,300.5,372.8,0.384833948,2.665477273
447,DD12LARE002,-29.72108823,135.6992897,173.3535714,205.45625,VBA,BRN,184.7,207.2,1.22015873,2.792763889
448,DD12LARE003,-29.71715951,135.7067417,266.9805714,370.3233429,VCT,ORA,366.6,376.2,1.410322581,2.813496732
449,DD12LARE004,-29.71829263,135.7001205,146.8187726,403.38213,MPP,GRY,393.1,455.9,2.661825095,2.777442857
450,DD12LFE003,-29.7165094,135.7224646,61.85216138,392.6534582,MPL,PNK,390,395.7,1.159774194,2.734926174
451,DD12LFE004,-29.71473313,135.7311237,244.7192661,388.7784404,MSC,GRY,386,390,19.41848276,2.727340278
452,DD12PHS002,-29.78559072,135.5768141,106.2694969,382.5882075,VBS,RED,375,444,10.47177215,2.697641667
453,DD12PHS003,-29.7777569,135.5697218,426.0311346,398.1563325,VBS,RED,386.7,420.4,10.14388889,2.749455128
454,DD12PHS004,-29.77302528,135.575919,536.5476584,467.986157,VBS,RED,412.1,513.5,4.719838946,2.751797688
455,DD12PHS005,-29.77610112,135.5730103,544.4968668,381.2785901,VBS,RED,376,434.16,5.475639535,2.749924812
456,DD12PHS006,-29.78303114,135.6060561,48.2118932,483.2537379,SGW,GRY,460.5,513.1,0.112972973,2.792888235
457,DD12PHS007,-29.78118755,135.6041595,153.811875,496.2729167,BRC,GRY,485.1,512.3,1.113247664,2.787599034
458,DD12PHS008,-29.78738142,135.5985001,27.91778976,412.1103504,SCG,GRY,352.9,441.8,0.37275641,3.055052632
459,DD12PHS009,-29.77785013,135.6055039,124.9666667,390.0316828,VBS,GRN,380,423.31,0.479660377,2.855192308
460,DD12PHS010,-29.77617246,135.6031513,106.7068627,357.2129739,VBS,BUF,315.7,363.2,0.581028807,2.85091453
461,DD12PHS011,-29.77462351,135.6007774,26.64833333,89.99666667,LSD,GRY,78,108,,2.575315789
462,DD12PHS012,-29.77464428,135.6008217,76.56272727,377.3372727,SCG,RED,169,413.9,0.398731884,2.692131148
463,DD12PHS013,-29.78405049,135.5935451,25.8503937,186.8409449,VBS,RED,183,299.6,1.017777778,2.5547
464,DD12PHS014,-29.78403095,135.5935094,32.07,104.9985714,SMT,GRY,96,150,,
465,DD12PHS015,-29.78564884,135.5961549,44.15470383,338.6571429,SCG,RED,336.5,344.55,0.280316742,2.749594595
466,DD12THM001,-29.75591729,135.7038308,83.99501916,419.8260536,MUS,GRY,418.8,422.5,1.825900383,2.755137931
467,DD12TOR003,-29.71217585,135.7566912,112.2234828,408.1709763,MPT,GRY,398.8,447,1.023026706,2.756467391
468,DD12TOR004,-29.70708284,135.7897698,85.54267782,289.8693724,MPT,GRN,280.6,296.6,2.019779006,2.760853933
469,DD12UMB004,-29.70304665,135.3958866,80.99581152,410.0982199,BRE,GRN,392.7,420.7,1.372891566,2.711184615
470,DD12UMB005,-29.70579389,135.3957966,83.08718593,422.5735427,BML,GRY,414.4,477.5,0.47244713,2.717683871
471,DD12UMBE003,-29.70352139,135.407565,35.30176991,378.5700885,MCS,GRN,375.8,385.8,0.70838488,2.778875862
472,DD12UMBE004,-29.70645142,135.4075716,40.64301887,297.6245283,BML,PNK,294,299.6,1.132614679,2.650877358
473,DD13BRM003,-29.73227545,135.7446521,161.8552941,115.46,LSD,GRY,87,122.4,1.150487805,2.678578947
474,DD13PHS016,-29.78355008,135.6127266,93.64909747,312.2279061,SCG,BRN,312.1,313.4,0.253684211,2.808150685
475,DD13PHS017,-29.77632793,135.6173998,95.38791667,279.7679167,SDO,PNK,267.4,321.8,1.20393617,2.675828571
476,DD16JUP004,-29.43752938,135.5702987,289.3793103,188.5962069,MGN,GRY,174.7,189.62,284.1356589,2.718748062
477,DD16JUP005,-29.44075239,135.570059,67.18954248,209,MIG,GRN,203.2,211.86,127.1513158,2.724519737
478,DD16TUR014,-29.67571951,135.6332941,129.8333333,258.74,MSC,GRY,250,266.95,82.78095238,2.752272
479,DD16TUR015,-29.66821475,135.6267885,110.738255,315.3322148,IGR,CRM,312.8,315.4,21.58064516,2.734081633
480,DD16TUR016,-29.63529659,135.596492,996.754386,276.9203947,KSM,GRY,275.5,308.5,2274.192982,3.083339207
481,DON001,-29.69213837,135.5519679,48.01840491,245.0030675,SLM,GRY,233.5,278.5,33.20294479,2.903981595
482,DP001,-29.72089405,135.571734,229.4886364,178.759375,ANDT,R,167.1,185.3,0.93297619,3.406785714
483,DP002,-29.72049728,135.5676311,479.69869,251.0170306,HMBX,N,249.8,253.5,1.28698324,3.306910112
484,DP003,-29.72091397,135.5759166,4691.022205,437.632925,DOLT,E,431,444.1,2.756444444,3.305594249
485,DP004,-29.72390957,135.5717791,540.0766208,359.6532417,ANDT,U,355.1,364.9,1.257921811,2.884168724
486,DP005,-29.72067278,135.5779849,4519.457413,356.0085174,HMBX,,351.1,368.7,1.064845133,3.462132743
487,DP006,-29.71732278,135.5717583,614.2102041,365.3555102,HMRK,P,360.8,403,0.750229167,2.9228875
488,DP007,-29.71833946,135.5779663,1935.368098,357.452045,CLBX,G,355.8,361.6,191.5353846,3.164303644
489,DP008,-29.71976965,135.5800347,1062.327869,243.6780328,SNST,G,222.9,259,37.016,3.210753333
490,DP009,-29.72213715,135.5635015,1418.035714,405.7130682,ANDT,R,397,409.9,2.123965517,2.959137931
491,DP010,-29.71659631,135.57382,1141.603175,384.5443452,QRTZ,W,381.7,388.4,89.87811321,3.00549434
492,DP011,-29.71824418,135.5676254,692.3713235,377.5192096,HMBX,U,364.9,387.5,1.399923372,2.959072797
493,DP012,-29.72202293,135.5779731,2302.864013,429.2996683,HQBX,R,418.5,453.8,1.525253289,3.294513158
494,DP013,-29.71917434,135.5821075,473.8665298,364.3303901,MDST,U,342,381.4,0.856923077,2.913102564
495,DP014,-29.71794438,135.5758917,6889.661607,383.0891071,HMBX,N,334.6,406,3.53622963,3.135850187
496,DP015,-29.71759889,135.5727959,654.6146435,372.2647399,CARB,U,371.3,374.7,0.830480989,2.767467681
497,DP016,-29.71714521,135.5738293,651.3157895,359.1678947,CARB,U,343.3,387.8,11.29307087,2.827854331
498,DP017,-29.71707473,135.5748345,869.013245,362.3224062,CARB,R,358.6,365.3,79.99744048,2.867377734
499,DP018,-29.71871379,135.5769269,3934.623529,190.0188235,HMBX,E,183.8,192.6,0.464233766,2.915740566
500,DPP001,-29.73147066,135.6359395,407.2983871,198.0060484,MMB,PNK,188.4,209.1,0.756612903,2.90475
501,DPP002,-29.72944016,135.6359267,35.79591837,124.9867347,MPH,GRY,116.9,127.8,5.346734694,2.720673469
502,DPP003,-29.73282432,135.6359481,172.9619048,217.9985714,VAN,BRN,217,223.4,1.015943396,2.801103774
503,DT001,-29.74417848,135.6205074,170.0095847,245.5,VIN,RED,231.3,247.1,3.406942675,2.969942675
504,DT002,-29.74237359,135.6204962,31.48051948,160.9935065,VAN,BRN,88.5,237,2.811558442,2.811545455
505,MXB1,-29.64188742,135.4274916,65.05882353,224.8441176,IGB,GRY,191.9,238.8,,
506,NEPT1,-29.73898837,135.6321401,879.1265306,271.2204082,VBS,,270.9,272.3,267.0138211,2.954081301
507,OYSRC1,-29.19930415,135.3255539,52.35135135,88.51351351,IGR,,42,145,2233.883495,
508,OYSRC2,-29.19948216,135.3265831,36.56756757,94.64864865,IDR,,91,97,,
509,PH09D455,-29.72046574,135.5593782,34.83448276,73.0862069,CLAY,N,67,75,0.669005059,2.838287109
510,PH10D489,-29.72264325,135.5579259,30.91904762,81.71428571,SHAL,N,40,89,0.142627737,2.955958637
511,PKN01,-29.55760818,135.3935875,69.52380952,305.9992063,IGB,GRN,283.6,314.25,91.93697368,2.952118421
512,PKN02,-29.56542288,135.3908821,62.24242424,216.1774242,MGN,GRY,211.65,272.3,146.1105769,2.827019231
513,PRAWNRC1,-29.18857596,135.356171,58.24137931,92.1137931,IGR,,41,135.6,3327.692308,
514,RBW1,-29.63475286,135.8966855,43.26315789,212,MGN,GRY,212,217,,
515,RC12BBS001,-29.67479763,135.3359665,21.35443038,122.1898734,SSL,GRY,109,131,,
516,RC12BBS002,-29.67461061,135.329161,24.67916667,112.0694444,SMT,GRY,105,160,,
517,RC12BBS003,-29.66876719,135.3105483,23.47179487,118.8461538,SMT,GRY,113,187,,
518,RC12BBS004,-29.65074111,135.3104548,24.5989011,104.2472527,IGR,GRY,103,112,,
519,RC12BDK001,-29.71456249,135.5083954,27.86857143,58.14285714,SSH,BLK,46,100,,
520,RC12BDK002,-29.71467099,135.5083911,0.862068966,49.17241379,SSH,BLK,44,82,,
521,RC12BDK003,-29.71235072,135.5138121,77.12352941,75.78431373,SSH,GRY,44,91,,
522,RC12BDK004,-29.71551705,135.5138588,46.59923077,128.4692308,MMP,GRY,109,134,,
523,RC12BDK005,-29.71156783,135.508407,36.435,94.6875,LSD,GRY,93,101,,
524,RC12CRDW001,-29.70049051,135.4300061,144.9214286,117.7723214,SMT,GRY,112,126,,
525,RC12CRDW002,-29.70435572,135.4300309,31.64761905,126.3571429,BML,GRY,110,137,,
526,RC12CRDW003,-29.70795036,135.4300603,121.3432432,144.75,BML,GRY,118,228,,
527,RC12JUL001,-29.69984509,135.6313823,105.9319588,105.3505155,SMT,GRY,76,112,,
528,RC12KND001,-29.56189502,135.4648735,12.96354167,71.15625,IGB,GRN,70,75,,
529,RC12KND002,-29.55820246,135.4656856,38.72604167,71.15625,IGB,GRN,64,75,,
530,RC12KND003,-29.55457384,135.4665129,40.17171717,69.92929293,MPG,BLK,34,120,,
531,RC12KND004,-29.55069202,135.4672816,14.97,54.3,MMG,BLK,37,90,,
532,RC12UMB001,-29.69498666,135.3879269,24.14356436,120.0594059,SMT,GRY,120,125,,
533,RC12UMB002,-29.69859558,135.3801675,19.645,120,SMT,GRY,117,126,,
534,RC12UMBE001,-29.70464524,135.4144196,30.63617021,115.9787234,LSD,GRY,109,121,,
535,RC12UMBE002,-29.70125148,135.4142651,39.23541667,149.75,SMT,GRY,122,170,,
536,RC12UMBE003,-29.70463165,135.401884,34.64259259,87,SSL,BLK,77,98,,
537,RC12UMBE004,-29.70135442,135.4017947,30.76357143,152.1392857,SSL,GRY,152,154,,
538,RC12UMBE005,-29.69789222,135.4015119,21.745,59.8625,SSH,GRY,50,80,,
539,RC12UMBW001,-29.6764944,135.3676483,68.47909091,119.8636364,LSR,GRY,112,121,,
540,RC12UMBW002,-29.68581737,135.3689874,43.0484375,95.109375,SSL,GRY,93,96,,
541,RC12UMBW003,-29.68090398,135.3524151,27.725,78,SSH,GRY,73,96,,
542,RC12UMBW004,-29.68290162,135.3472704,29.08139535,70.47674419,SSH,GRY,44,83,,
543,RCA001,-29.72804846,135.5955922,160.2444444,211.9777778,VBS,GRY,201,215,,
544,RDHN1,-29.74326257,135.9307409,126.875,222,VBS,GRN,206,238,,
545,RDN001,-29.74710772,135.8966494,141.0222222,211.9888889,MUV,GRN,207,216,,
546,RDN002,-29.75206382,135.8977278,79.04,195.98,MUV,GRN,191,197,,
547,RDN003,-29.75613156,135.8967298,122.1428571,210.9642857,MUV,GRY,210,211,,
548,RDN004,-29.74521828,135.9090422,326.0350877,282.4736842,MUV,GRN,282,285,,
549,RDN005,-29.77067398,135.8813433,24.68,271.9,MST,GRY,269,276,,
550,RKN001,-29.72797299,135.6121357,121.4827586,195.9655172,VAN,GRN,193,197,,
551,RSC001,-29.45637087,135.6589143,24.08333333,106.9583333,KCS,GRY,88,123,,
552,RSC002,-29.45785924,135.631132,46.46341463,162,MGN,PNK,159,192,,
553,RSY001,-29.71312999,135.6017072,86.14705882,183.9852941,MSC,GRY,181,186,,
554,RTA001,-29.67010926,135.6345197,63,131.9772727,IGR,PNK,129,134,,
555,RTH1,-29.73056306,135.8029261,109.7115385,247.9807692,VBS,GRN,237,273,,
556,RTR001,-29.74778339,135.6215638,29.42222222,188.9777778,VBS,GRY,183,193,,
557,SNAPRC1,-29.18046385,135.3520291,19,104.483871,IGR,,83,109,118.7717391,
558,TAMB_1,-29.29412167,135.4064419,38.24,59.99166667,IFS,GRY,40,74,,
559,URAN1,-29.71938523,135.5756838,8103.956873,492.0746631,HMBX,E,476.3,506.6,15.04124796,3.150676998
560,WATW_1,-29.50493397,135.6215193,29.54285714,49,SST,WHT,22,50,,
561,WildFireA,-29.51680113,135.6040505,8.965306122,85.48979592,MGN,PNK,52.5,170,,
