,latitude,longitude,Au,Mid_Depth,DepthFrom,DepthTo,MagSus,MassInAir,MassInWater,SGFinal
0,-29.25548086069217,135.42474300001248,0.022000000000000013,140.0,50.0,176.0,214.55319174113174,6964.892439465297,4484.183710425461,2.868477460296329
1,-29.73900583063809,135.63226430818426,0.06017142857142851,172.23714285714286,102.0,198.0,19.509999999999998,6826.569185697939,4293.112587613878,2.842225965353673
2,-29.73846436562918,135.63226091180832,0.07406250000000003,134.578125,74.0,168.0,109.16223643067315,6827.333517792536,4332.417828564283,2.849194455853722
3,-29.71830195697897,135.57720369885328,0.0665671641791045,166.21641791044777,162.0,200.0,72.04763757621731,6859.7657175383865,4357.856605208772,2.8219698106241036
4,-29.73900806656089,135.62800381280508,0.012568965517241385,191.26724137931035,78.0,210.5,119.13929455411017,6735.3235866066825,4231.523268952093,2.8787780427193046
5,-29.716643255429396,135.57470255775897,0.01316831683168317,159.50074257425743,158.95,161.71,776.9879411764706,6358.371871523817,4140.708023880137,2.9365747026753564
6,-29.60404742726853,135.70771799215248,3.125e-06,188.03125,184.0,204.0,61.903012514121656,6760.31808878473,4262.266464978469,2.8224036048794408
7,-29.65624630451523,135.75044605244494,0.0,97.7,85.0,112.0,74.57709048730067,6790.8985803359465,4296.369241393704,2.8181327040383484
8,-29.6998589699225,135.7776459095683,0.0,125.81818181818181,93.0,153.0,85.44059712590024,6772.566644000406,4284.813761284699,2.8343221862429275
9,-29.588017950238513,135.62913179079652,0.0,118.9,74.0,161.0,133.2451937111946,6884.544961308537,4401.835419932328,2.843008515419142
10,-29.51674754802273,135.6039263641652,4.5454545454545457e-07,109.98863636363636,86.0,175.0,154.4139683603662,6969.949591164965,4501.885607975344,2.8370648134557146
11,-29.4492786259408,135.63446107565395,0.0,96.125,92.0,104.0,101.30252754198409,6857.85922654485,4362.451459862243,2.8127388548157333
12,-29.103428462557396,135.3692377093911,2.2222222222222225e-06,86.88888888888889,60.0,112.0,200.67842135502906,7050.7129556397995,4566.9885104613295,2.828512856552077
13,-29.674861572973576,135.54182832755922,0.0,57.75,56.0,59.0,72.0324841093443,6888.925301492989,4371.946187837921,2.8027272089559956
14,-29.66403198355078,135.54177028182673,0.0004,87.4,82.0,94.0,74.7667125552689,6879.239615098937,4364.863753825888,2.808813467674711
15,-29.658165948509716,135.5417388536203,0.0006666666666666666,44.833333333333336,44.0,47.0,77.50931801905972,6902.310021399851,4387.297415591744,2.8014403199022926
16,-29.650043737519074,135.5416953529872,0.0,52.5,52.0,55.0,77.24746745042648,6898.732343043732,4384.009105023857,2.802144704144851
17,-29.64643386275259,135.54167602509102,0.0,54.0,52.0,56.0,78.01831184349066,6896.293148452169,4381.495880330411,2.8029967266622924
18,-29.64375995762537,135.53339660672398,0.0,35.75,0.0,36.0,103.14227564955218,6893.628637391692,4379.906167100908,2.8186416200293176
19,-29.65639453294847,135.53346322834628,0.0015,64.75,61.0,70.0,78.7782803513619,6897.614690300732,4383.186089021838,2.8054915445314808
20,-29.647548717590823,135.4869235248584,0.0,52.0,52.0,54.0,79.83822930142924,6923.529296545385,4404.703465903944,2.8010648155218867
21,-29.64078013993037,135.48689095512498,0.0,80.2,70.0,90.0,88.75182016986219,6916.697713849047,4402.056892651375,2.811018290938602
22,-29.64223512440419,135.4584869425613,0.0,110.5,110.0,111.0,68.96638283591165,6892.4416193816105,4368.51984655922,2.806125782935136
23,-29.61967306104587,135.4583847796611,0.0,55.025,55.0,56.08,84.14505725134586,6935.447415436407,4415.448463084023,2.8010847640783942
24,-29.63093615080646,135.46360083179047,0.0,73.5,70.0,76.0,81.88742950747837,6920.348578858935,4400.31716261359,2.804928998739036
25,-29.62281380889113,135.46356364643378,0.0,72.5,72.0,73.0,79.56904048900833,6919.005606979819,4398.161698774751,2.802860616283648
26,-29.651351789280056,135.43114784949853,0.0,68.5,68.0,69.0,77.73382166404554,6933.478983454461,4408.874869946949,2.8017769227169875
27,-29.614801122312226,135.43099221158462,0.0013333333333333333,26.833333333333332,26.0,29.0,93.72556345928024,6970.3519345266905,4450.55323517338,2.7988683315984217
28,-29.619751318689552,135.43514487827915,0.0,22.5,22.0,23.0,91.92153299480015,6967.510850163249,4446.929507085699,2.7978858561535764
29,-29.669838081728397,135.55626904652766,0.0,77.35714285714286,60.0,92.0,90.30150432116352,6891.007114062668,4383.025609578639,2.816233771065489
30,-29.666228226580486,135.55624918271968,0.0,67.8125,55.0,78.5,86.28515874286677,6891.626589413092,4381.742469357061,2.812037252650404
31,-29.664379532749837,135.56657247684402,0.0006666666666666666,76.33333333333333,68.0,82.0,76.77955933900739,6872.242471821428,4359.727414139214,2.809413052457093
32,-29.70134923725285,135.5740159113766,0.003,86.5,84.0,87.0,60.11751082545743,6849.000071562004,4331.272344502586,2.8057361278105644
33,-29.636718989999697,135.48687141862104,0.003352941176470589,94.19308823529411,92.05,94.41,72.52255690016136,6890.08555135351,4369.176459716977,2.8058235225352064
34,-29.69500286953032,135.4587573450471,0.005604395604395607,111.47346153846154,111.4,113.3,61.58572985437422,6888.754408760771,4362.66688990253,2.8057454520164242
35,-29.643680678421784,135.43111516095757,0.0029090909090909093,89.21590909090908,87.65,90.5,76.01456615013558,6920.903548682731,4396.377290694421,2.8045444659503773
36,-29.69613991477957,135.45878318448356,0.003210000000000002,121.00319999999999,108.1,131.6,75.76158364800176,6895.108275239079,4374.235752407794,2.8154925885261854
37,-29.70811765734055,135.57405440337456,0.0,88.70428571428572,84.7,93.32,63.33068734259541,6855.034233161146,4339.249775204582,2.8076418565148917
38,-29.340294174774915,135.58640241563072,0.0,38.5,38.0,39.0,123.4565777009484,6918.012242316054,4423.2614990440015,2.8042865386647717
39,-29.34570919380938,135.58643341424926,0.0,77.5,62.0,79.0,125.23853573994711,6885.131700330472,4389.763259886351,2.8160263542388453
40,-29.352396752045802,135.58441134872984,0.0,56.5,50.0,59.0,123.70228825052072,6906.478946888339,4411.599623502572,2.8094553120159804
41,-29.350212634416327,135.5885195172418,0.0,43.75,43.0,44.0,120.67172887267225,6911.592983475246,4416.085245244507,2.8047661275374196
42,-29.35292013942973,135.58853507773821,0.0,55.75,52.0,59.0,122.44136887186141,6907.9852673510395,4413.69534053077,2.8081565825089676
43,-29.352360397732447,135.59265257841977,0.0,54.5,52.0,55.0,119.26263020293663,6901.630896649982,4406.075464705309,2.8067796099120126
44,-29.3403479162947,135.57404200785692,0.0,37.15,37.0,37.3,123.83388926146836,6924.00405607673,4428.197241411697,2.8037389091592355
45,-29.348796447824267,135.51640107953602,0.000125,65.875,54.0,74.0,134.4959284644101,6941.110678304834,4444.64329431497,2.813711736635522
46,-29.35144929905665,135.50714285997236,0.0,39.125,32.0,42.0,132.27402403298947,6954.641003671481,4455.234689371959,2.8073124376815723
47,-29.35146877842257,135.50199206537994,0.0013333333333333333,41.833333333333336,36.0,47.0,133.2098102875534,6960.654962721677,4462.026811980419,2.80736767823277
48,-29.346443534443626,135.49424147303586,0.001,44.5,40.0,48.0,131.45308727280462,6959.871175891381,4459.818758284402,2.8064716954595914
49,-29.308032386739487,135.53164185119098,0.0,45.5,40.0,46.0,133.0997479044272,6939.336374012419,4442.397839995274,2.8072553276471766
50,-29.215203984106584,135.3552342726951,0.0005,40.0,30.0,50.0,169.30108961488804,7052.672746947468,4554.1384812413,2.8102218180142087
51,-29.20220400300977,135.32072820245278,0.001,35.833333333333336,30.0,41.0,166.87475586240544,7064.198700729441,4561.089030441954,2.8061930309675294
52,-29.185749722181026,135.29342092815,0.0005,29.75,28.0,31.0,165.8813270964347,7076.151448508557,4569.781172950043,2.8023737791253045
53,-29.187376580154854,135.2923970100154,0.0,34.833333333333336,28.0,36.0,167.8788934380027,7070.318858479837,4563.776008663717,2.8054826110323847
54,-29.692802241275125,135.45044717017842,0.0,92.25,80.0,94.5,74.70065294264168,6901.697990120199,4376.769240569918,2.8104039095010407
55,-29.69555978561653,135.43547118147774,0.0,89.5,89.0,91.0,67.2747475503038,6914.024627381972,4386.939472123609,2.8035440075856104
56,-29.68924244664214,135.4354439418803,0.0,108.8,101.0,109.2,68.01303092216222,6895.345111952378,4367.52957394919,2.8090050719947888
57,-29.679766426834,135.4354030987468,0.0,136.95,92.0,153.0,102.08438701703017,6893.383742777773,4375.819099839346,2.835100806066425
58,-29.68374553753826,135.45970876305483,0.0,77.75,75.0,81.0,73.3056051211588,6915.28875939456,4392.237950481309,2.8044848106690106
59,-29.68443756150491,135.45531928111959,0.0,130.5,130.0,131.0,58.51143039077397,6875.154054328395,4347.790433841234,2.8074901092909745
60,-29.690935468450483,135.4682689027388,0.0,79.5,78.0,82.0,69.89299061919337,6908.299833825455,4384.893491545894,2.8038355747670947
61,-29.375027341273714,135.52477674167125,0.0012000000000000001,52.25,46.0,58.0,127.03663623795,6941.39308644101,4443.0019717884825,2.8087223616086536
62,-29.370334296510574,135.5247526715018,0.0,50.5,50.0,51.0,119.60687560090082,6934.419190640252,4433.031134627792,2.8043154809228903
63,-29.366724259816213,135.52473415987268,0.0006666666666666666,45.916666666666664,42.0,48.0,124.78111739944143,6939.891969786797,4439.995954498867,2.806112508930352
64,-29.36176045615121,135.5247087118988,0.0,38.0,38.0,40.0,124.55084893182539,6947.687298740097,4448.147418362274,2.8033381068957763
65,-29.349141441526108,135.52052343361083,0.0005,44.0,39.0,50.0,132.35007572747782,6953.148221122516,4456.320730250707,2.807581209360704
66,-29.353218760264483,135.5164233803142,0.0,73.0,68.0,74.0,121.38984549826455,6923.272393996667,4421.797034096879,2.8089920166214553
67,-29.347262175472327,135.51639334369656,0.00075,55.625,48.0,61.0,131.591422286976,6944.467286004645,4446.728265809748,2.809871678572366
68,-29.34420158613521,135.51431770550948,0.004,68.5,68.5,69.0,120.09460453038082,6929.540970525071,4428.107861399594,2.8058892596520817
69,-29.345127779374607,135.50814167274947,0.0,47.85,38.0,49.7,132.23168310002075,6945.234975923613,4445.4314889367815,2.8094014432129204
70,-29.33968901478993,135.51429505078517,0.001,46.0,42.0,50.0,131.2462585497342,6951.723168811277,4453.691712449641,2.8067879159025844
71,-29.21718231891769,135.42005804016318,0.0,49.875,48.0,51.0,150.1839191782292,7000.336511837853,4500.410076134314,2.8055063529944224
72,-29.224826406496625,135.39961381461728,0.0,115.175,0.0,116.0,210.34754528953272,6909.300814567796,4410.3730351228605,2.8710566797741874
73,-29.224820552673112,135.40156873207198,0.00125,31.125,0.0,38.0,178.21685606878054,7019.979459265025,4523.933664173117,2.8202816808953193
74,-29.23713655226597,135.41756688814547,0.001,45.25,42.0,47.0,149.6831493537993,7003.220228478727,4502.639699764326,2.805705099211972
75,-29.245686358352305,135.4253200189418,0.00025,47.875,42.0,53.0,152.191882347317,7003.040336990376,4504.498730807734,2.808144676536992
76,-29.350122384230147,135.58851899859525,5.882352941176471e-05,51.05823529411765,43.7,60.28,131.61218586904397,6922.941506029249,4432.631522758435,2.8110833447231593
77,-29.215019440350947,135.41902040075678,0.0009523809523809525,83.19984126984129,80.85,89.79,148.90604109674678,6989.275784460955,4491.148515321307,2.810178816984282
78,-29.219699713308138,135.42315490009221,0.002074074074074074,67.32037037037037,67.18,67.89,144.37376965878138,6985.914663370433,4484.937625990513,2.8060958244715204
79,-29.68221561498745,135.44523227135318,0.004839285714285717,115.90375000000002,105.8,130.3,81.2775040177221,6915.980387425439,4397.186203476649,2.8144323922144308
80,-29.68739614780777,135.4478390824207,0.004372093023255815,104.49069767441861,97.9,125.6,86.4979160345556,6938.54323013224,4423.812184109953,2.8130916088585827
81,-29.684679960288182,135.45041094912838,0.003698113207547171,108.49943396226415,106.0,109.1,64.70150584605835,6892.041941060954,4365.455406746572,2.80646397996353
82,-29.694842740908538,135.46068957404123,0.004163265306122451,201.72173469387755,176.9,203.1,58.539778789736374,6811.884369859825,4283.088812694696,2.827146168225105
83,-29.697020139963165,135.45739170380372,0.0013066666666666676,189.50026666666668,183.0,192.9,50.76722845342192,6834.791109832593,4306.341899491012,2.8167396256330206
84,-29.700676495999762,135.46991635291664,0.015962264150943407,96.37735849056604,87.42,100.0,65.36093880816952,5117.433333333333,3256.133333333333,2.6865
85,-29.69155086676333,135.46005437745242,0.004416666666666668,100.98638888888887,100.6,106.6,67.85849005208729,6904.066499518176,4380.8965811016915,2.8058905436587454
86,-29.348796447824267,135.51640107953602,0.0014827586206896555,87.12189655172413,86.0,89.6,117.93717068980732,6918.832727881832,4417.664278516046,2.8086610330821564
87,-29.215283744133462,135.42107911471894,0.0002,78.21666666666665,78.1,79.8,143.79864259752867,6981.953634223282,4481.1682484619905,2.807359897121623
88,-29.215657167700144,135.41711967290271,0.0,53.3875,48.0,55.5,153.03387539254436,6999.889087968495,4500.435728382934,2.8079059475366988
89,-29.42490722462127,135.53224933980684,0.00016666666666666666,48.0,30.0,54.0,127.79299051441194,6930.5408919245965,4430.82571722287,2.8141437004768695
90,-29.42400472412006,135.53224463501138,0.0005,54.375,32.0,56.0,125.5071630589191,6914.561926620823,4412.336611260247,2.81601467566182
91,-29.421338006290107,135.52192192947777,0.0,48.25,48.0,48.5,112.01770393913284,6931.232728405281,4426.731432631748,2.803324010528425
92,-29.466931144762487,135.51782360195463,0.0,28.333333333333332,21.0,32.0,117.11000710370536,6946.22588689602,4442.068365375919,2.8054816802049096
93,-29.467842849425054,135.5154561256488,0.0013333333333333333,43.68333333333334,28.0,48.0,119.95539517029829,6933.889227828942,4429.674180941694,2.8114422117384645
94,-29.69826637676193,135.4623591170274,0.0031666666666666666,87.75,87.0,93.0,69.36630307430642,6910.6537884010795,4387.637437255351,2.804716523567527
95,-29.70050441529575,135.46753798707877,0.0030000000000000005,83.5,78.0,86.0,70.24998280789623,6902.81744594152,4378.893241046997,2.8062133797527267
96,-29.42580972499943,135.53225404481682,0.0,54.925,52.0,66.3,121.22386617569464,6944.337287101545,4446.5858621792595,2.808095955857838
97,-29.417645641259426,135.5425199140646,0.0003846153846153846,44.48269230769232,37.4,51.3,122.69595197632589,6936.0026386098325,4437.491539146209,2.808448125136742
98,-29.692764893311534,135.4613002821257,0.00025,70.875,68.0,71.0,70.52015952262082,6911.521620022846,4386.587200604419,2.8030859136466106
99,-29.690959945566426,135.46129203777116,0.0,70.0,68.0,72.0,72.10438579732727,6916.845354338628,4393.079467465754,2.803009075207398
100,-29.68915499732707,135.46128379416672,0.0,83.95,83.0,85.0,67.93671068828371,6905.651200469663,4380.787169712779,2.8035460658023763
101,-29.687350048593483,135.46127555131238,0.0,71.75,71.0,74.0,71.70378780630199,6917.149598015803,4393.588326037852,2.8026102829371937
102,-29.690995532623905,135.450955925855,0.0,84.08333333333333,80.0,90.0,74.62629293121063,6919.224519316518,4396.469996547217,2.806229280586921
103,-29.68919058179215,135.4509478669485,0.0004,100.1,100.0,101.0,64.42894018057632,6899.066081272769,4372.637319811629,2.804437720882092
104,-29.68738563046624,135.4509398087753,0.00075,103.75,102.0,107.0,67.15449232326318,6901.0470425964595,4376.003873190497,2.806231105417833
105,-29.68558067864621,135.45093175133536,0.0013333333333333333,84.33333333333333,83.0,86.5,70.21162615064168,6912.729255563616,4387.979196050266,2.8039641037797574
106,-29.69282837404829,135.44269493496896,0.018666666666666665,98.05555555555556,92.0,104.0,73.19219403330862,6911.631636207545,4387.906557049133,2.8084857391726046
107,-29.691023421678967,135.44268702310197,0.0,83.0,83.0,86.0,69.97132068098472,6919.307722303442,4394.111861405723,2.803171230616171
108,-29.689218468815586,135.44267911195487,0.0006000000000000001,100.0,99.0,102.0,66.46539159055283,6904.885360635086,4378.544871063905,2.8050646285692906
109,-29.687413515458125,135.44267120152765,0.0,92.16666666666667,90.0,96.0,70.79256152072594,6914.069232972986,4389.273117742145,2.8054081853907586
110,-29.69869947126007,135.46752962862644,0.0,76.58333333333333,74.0,79.0,69.98107573099333,6909.144300885822,4385.384058660005,2.804022891390622
111,-29.696894526730013,135.46752127093455,7.142857142857143e-05,95.89285714285714,94.0,101.0,68.23130859827506,6901.949939633552,4378.976366471168,2.8061188153735133
112,-29.69508958170557,135.4675129140031,0.00025,84.0,81.0,87.0,69.79508074847217,6905.403497865966,4381.88614375551,2.8051126739256356
113,-29.692338653396824,135.45406284759548,0.0015,84.25,84.0,87.0,68.8481483275682,6912.384902396643,4387.76817527968,2.8034885723585274
114,-29.694143602592177,135.4540709632037,0.003,84.0,84.0,87.0,68.68587032522737,6912.981798431978,4388.423149294804,2.803375615644722
115,-29.69594855129333,135.4540790795503,0.0018571428571428573,86.21428571428571,81.0,87.0,69.35406499962846,6903.983780635426,4378.213268813937,2.8057872255329803
116,-29.69100605149795,135.44785508868605,0.006333333333333334,83.0,83.0,88.0,71.51243269204133,6921.1502045656125,4397.549333168896,2.8037226253389234
117,-29.689201099899922,135.44784708518924,0.0021666666666666666,100.08333333333333,97.0,106.0,71.08719129352176,6909.997389849719,4386.406130860889,2.8071754177806656
118,-29.68515732306653,135.4426613145057,0.00075,91.875,88.0,99.0,75.29690716460755,6920.890963077905,4398.2236285971485,2.8070957182583505
119,-29.690533703707253,135.45405473272572,0.006,81.9,76.0,82.0,70.90876974613275,6905.707785359027,4380.109684836349,2.805648870285849
120,-29.695937885135198,135.45718006580984,0.0005,115.95833333333333,97.0,119.0,74.04441119580406,6880.173325751679,4355.348428370089,2.816396177524435
121,-29.695035411234866,135.45717597983193,0.0014500000000000003,57.6875,48.0,73.0,91.33502151543325,6952.3486067756385,4436.660361105791,2.809012048981847
122,-29.69413293721096,135.4571718940399,0.00018181818181818183,72.67045454545455,47.0,81.0,92.49105425885318,6919.241619157929,4399.757407368019,2.817193821425076
123,-29.693230463063497,135.45716780843375,0.0010500000000000002,119.975,117.0,120.0,60.44153435543922,6878.5248512205,4351.120627883816,2.8076330569833985
124,-29.69232798879248,135.45716372301348,0.001571428571428572,100.75,100.0,102.0,64.22774901652701,6895.852031832659,4369.916554076375,2.804969810180592
125,-29.691425514397906,135.45715963777909,0.00030000000000000003,83.9,83.0,85.0,67.82890092756315,6907.444791962149,4382.188206485012,2.8034517116318822
126,-29.69052303987978,135.4571555527305,0.0,86.0909090909091,85.0,92.0,71.99136627160806,6916.412826840067,4393.886450063277,2.804914790639054
127,-29.68826685304391,135.4571453409222,9.090909090909092e-05,97.86363636363636,91.0,102.0,72.0621968627438,6901.817168614554,4378.191901966227,2.8086631002829443
128,-29.69548664820048,135.45717802279765,0.0019473684210526319,117.92105263157895,111.0,130.0,74.01632818272083,6904.142165980953,4383.851340813037,2.812383551793719
129,-29.695979437303706,135.45821393229076,0.00125,105.6875,102.0,107.0,64.56485763965611,6890.266724538415,4364.176170325074,2.8069697491196366
130,-29.69629172345769,135.45924903088743,0.009933333333333334,110.0,104.0,114.0,67.51193889143724,6891.286517672052,4366.831389068191,2.809258024379153
131,-29.69669424877459,135.46028454718007,0.005142857142857143,93.78571428571429,88.0,96.0,69.00720549530706,6898.504279048986,4373.703630861828,2.8072091963090218
132,-29.69434422218305,135.46130749655134,0.0009230769230769231,85.15384615384616,83.0,88.0,69.30370012055391,6907.552032513366,4383.454545454033,2.8046686736093522
133,-29.69524669565401,135.46131161933818,0.0005,92.0,88.0,94.0,68.18424069662797,6899.935857987613,4375.099133305273,2.8060694119041836
134,-29.69614916900138,135.46131574231256,0.0019,103.925,102.0,104.0,62.46853879408627,6888.178517161607,4361.5814578201425,2.80561600606501
135,-29.697006518566926,135.46131965931198,0.002875,99.8125,95.0,100.0,65.18142546143827,6889.847425554166,4363.603994760586,2.806778002521245
136,-29.66996848867899,135.39402427857272,0.00756521739130435,114.0,109.0,115.0,70.7793358477993,6915.166237631631,4385.502047442302,2.8078624007513526
137,-29.6716832095695,135.39403096290698,0.0123125,103.96875,103.0,107.0,71.80267281782835,6928.225704312583,4399.908612259562,2.8052715350104465
138,-29.666087802913808,135.39400915300266,0.000125,111.90625,102.0,117.0,78.72511340275378,6923.900859125864,4397.069047357658,2.811268931814244
139,-29.66518531752524,135.3940056358524,0.0004,94.0,86.0,104.0,85.77887089826254,6948.186787735049,4424.899415061591,2.8097759866528698
140,-29.673307681581267,135.39403729596728,7.692307692307693e-05,110.15384615384616,94.0,135.0,99.95116194232105,6964.49015625074,4449.021608637557,2.8190476179419037
141,-29.67276619095509,135.39403518488956,0.002,102.04545454545455,90.0,123.0,95.50827365504665,6963.638473559793,4446.1163931437695,2.815200378712248
142,-29.69997384204288,135.4644343741047,0.0005714285714285715,75.92857142857143,75.0,77.0,67.78461466053886,6908.702858451532,4383.822808372344,2.80271480528444
143,-29.699071369615368,135.4644302226153,0.001,69.75,46.0,70.0,83.38745642841786,6900.68773082587,4376.836475934866,2.814014016602899
144,-29.69816889706428,135.4644260713147,0.0015,79.25,45.0,80.0,88.8718974250969,6890.277397123515,4366.906623256347,2.820577755966072
145,-29.6972664243896,135.46442192020302,0.0,72.0,72.0,73.0,68.34433915094996,6912.064407169451,4387.407327770205,2.801869564372006
146,-29.69636395159132,135.46441776928012,0.0,74.0,72.0,75.0,69.3753295364404,6909.824383453593,4385.235366416116,2.8031225558321022
147,-29.696371183475183,135.46235043867182,0.0005,80.0,78.0,86.0,72.76373815477018,6917.439790635559,4395.327160867617,2.8048509376785713
148,-29.69727365653684,135.4623545711187,0.0,75.75,39.0,76.0,91.02751363632706,6891.5649917982955,4368.069780824289,2.8214353864513875
149,-29.69907860228941,135.46236283657646,0.0,74.83333333333333,74.0,77.0,69.18778690932231,6912.966858184587,4388.65327745896,2.802807381859993
150,-29.700861751142,135.46857336950666,0.001,66.25,44.0,67.0,83.09373993210102,6902.850931482062,4379.558341823093,2.8130464756250535
151,-29.69995927936841,135.4685691808697,0.001,72.5,42.0,73.0,87.1028369840933,6894.155328600373,4370.928688731978,2.8179385335896976
152,-29.703539648875818,135.4768558366055,0.0,69.5,38.0,70.0,87.39502164685655,6891.642489678365,4368.982575983311,2.8182495060296704
153,-29.699056807471234,135.4685649924233,0.0,63.5,43.0,64.0,82.57126903902099,6905.286741038908,4381.96647641341,2.811823825828023
154,-29.67756678979947,135.41782425417583,0.0,82.5,82.0,83.0,71.50998583923501,6926.819896711517,4399.191393532097,2.8026309211468368
155,-29.669486121567306,135.40435651183006,0.0,122.0,112.0,132.0,80.0661633297841,6922.356124904858,4398.475229054726,2.8135213009003266
156,-29.674901021689628,135.4043781753544,0.0,81.25,53.0,82.0,91.26029984922752,6921.7189482753965,4394.904422299222,2.8171021758343957
157,-29.67219357218375,135.4043673428529,0.0,66.25,52.0,67.0,85.63615228599883,6939.117972318534,4412.370997655633,2.8083358237384832
158,-29.674913570995745,135.40024435897942,0.0,75.25,50.0,76.0,90.7605462900483,6929.229731747779,4402.217921433625,2.8149067121501643
159,-29.674932153193282,135.39404362954636,0.0006000000000000001,101.9,96.0,104.0,74.11604915038515,6925.278359966342,4396.458549420788,2.807409503967774
160,-29.67405999353787,135.3837056412874,0.0,86.25,49.0,88.0,98.23027861723313,6925.716083804324,4398.285302214181,2.822316708900718
161,-29.671352536944212,135.38369536290463,0.0005,76.25,49.0,78.0,94.18330540844909,6937.715313957786,4410.350782996764,2.8161307001725957
162,-29.668645079240363,135.38368508592492,0.0,76.25,47.0,78.0,95.90669920236724,6937.097428928366,4409.981402554249,2.8172162268268837
163,-29.66052269946825,135.38365426340238,0.0,74.25,54.0,76.0,91.68271019812528,6943.620668470827,4416.57553824513,2.812361721129294
164,-29.66233957214809,135.37952779925948,0.00025,94.875,91.0,102.0,81.49488275504882,6950.160656589203,4424.081000471555,2.806842593270031
165,-29.66414454666813,135.37953457445934,0.0005,79.25,78.0,81.0,77.880481206279,6950.448424916587,4421.711279896499,2.8026968824499288
166,-29.66775449422827,135.37954812670898,0.0,73.5,48.0,74.0,93.24812551487594,6940.046473239574,4411.886070521756,2.814638295498172
167,-29.6695594672683,135.37955490375893,0.0075,76.25,52.0,77.0,91.80852190472069,6938.848240347084,4410.632313503069,2.8142853403543424
168,-29.656933483021398,135.37640765734344,0.0025,73.25,55.0,74.0,90.60860582490932,6946.721758854081,4418.746113851945,2.810926055286209
169,-29.662748606359898,135.39399614034616,0.0004,93.8,88.0,102.0,83.12583342737162,6945.702646632362,4421.409498792766,2.8081911326915128
170,-29.65913866223981,135.39398207507386,0.0,73.75,49.0,74.0,93.03956315843425,6934.0322578898995,4407.200518842716,2.814477629610483
171,-29.657333689439692,135.39397504339786,0.0,74.25,52.0,75.0,92.03043671470368,6936.141600835501,4409.546988095659,2.813342018434746
172,-29.658670407648398,135.39966340608666,0.0,71.25,43.0,72.0,96.0730869060717,6932.702634496582,4406.882793730872,2.816289174626182
173,-29.65775382273097,135.4043095944804,0.0,72.25,50.0,73.0,91.83731149908817,6932.780359469038,4406.993166535494,2.8132788691179336
174,-29.660461278159172,135.40432041909764,0.0,76.25,49.0,77.0,93.8607785337772,6927.325896230097,4401.47597854276,2.816264450152575
175,-29.688403057896966,135.41580186459035,0.0,77.5,51.0,78.0,87.99788381057806,6917.918463660797,4391.0996799113655,2.8157625705519873
176,-29.68828105406009,135.4530110062253,0.0003333333333333333,92.66666666666667,91.0,97.0,70.13697427769694,6910.2128281005425,4386.358011211161,2.8054287882405977
177,-29.687378578592266,135.4530069587626,0.0,76.25,41.0,78.0,93.30936835230023,6900.550044408181,4377.697471021025,2.821039759950544
178,-29.686476103000878,135.45300291148408,0.0,75.25,39.0,76.0,93.40416789070878,6898.706838655729,4375.423548657198,2.821245981510252
179,-29.68755553563907,135.4540413448048,0.0,79.0,79.0,84.0,72.54658996047874,6921.6797439215225,4398.818513241644,2.8034544869394113
180,-29.686653060201287,135.4540372882559,0.0,57.5,40.0,58.0,84.5215205276545,6918.918406135272,4395.344797743121,2.8096350595133726
181,-29.68332800144348,135.44988814684487,0.0,101.0,88.0,102.0,73.72296174151597,6893.766373658524,4368.271354300894,2.811412825384958
182,-29.68334371138725,135.44523724284127,0.0,65.5,33.0,66.0,93.63976355091108,6910.668240073232,4387.079271198936,2.8182345233287562
183,-29.68144850932536,135.44522889090277,0.0005,81.25,37.0,82.0,98.56932770339881,6894.842508009977,4371.442438460395,2.8259920001003347
184,-29.69173291611257,135.44641122203788,0.0,78.25,42.0,80.0,93.2279437610141,6901.208306301687,4377.603062566099,2.8216256180305415
185,-29.693265730782212,135.44683145823709,0.001,78.66666666666667,77.0,79.0,68.98512406583359,6913.594869499302,4387.321116114126,2.803039713299979
186,-29.687353643062266,135.46024197789552,0.001,72.75,46.0,73.0,86.74234308611267,6900.383506681061,4376.911616240328,2.8159546233266814
187,-29.69280469952716,135.4497236286587,0.0,68.25,43.0,69.0,86.86750201644463,6909.570447406182,4385.42718420354,2.814671424109373
188,-29.69834212685664,135.46649427206094,0.0,63.25,47.0,65.0,81.19414894157126,6911.199776027537,4388.279977625449,2.8098353314421782
189,-29.69906410467597,135.4664976078987,0.001,82.0,74.0,90.0,77.45186515491878,6915.386794613427,4394.8044121112525,2.8087085062588524
190,-29.69996657683889,135.4665017778666,0.0003333333333333333,67.66666666666667,66.0,72.0,72.82921359906322,6920.348500965487,4397.884316507356,2.8031398463272392
191,-29.701771520793955,135.4665101183716,0.0025,65.5,36.0,66.0,87.73366716819874,6900.250571504883,4377.038842547263,2.8167151938503716
192,-29.70801436965735,135.48721497487284,0.005,97.16666666666667,93.0,99.0,63.74830921942885,6882.498671664936,4358.55836804747,2.8067868218660426
193,-29.70981930596569,135.4872236885365,0.002,84.16666666666667,83.0,86.0,64.20999280079195,6892.920071658005,4369.247453875116,2.8039665313916324
194,-29.711624241779337,135.48723240299287,0.0,80.5,79.0,83.0,65.51630967646997,6896.645772507723,4373.408617535562,2.803937875351618
195,-29.713429177098288,135.48724111824214,0.0,50.25,34.0,52.0,80.49023508236678,6909.2005873106755,4387.490885879388,2.808716693366316
196,-29.71068333381621,135.4975661228381,0.001,93.66666666666667,93.0,95.0,60.779836565801816,6880.582709150531,4356.876144421662,2.804584552162865
197,-29.666532885818768,135.3960776504867,0.013854838709677393,286.99858870967745,286.3,287.0,31.54268087226228,6792.551809499382,4255.09277226238,2.821535801311769
198,-29.69431307526029,135.45727607570063,0.003739534883720933,193.62558139534883,190.0,195.6,47.16062651068205,6830.41271796454,4300.987707160883,2.815295889809348
199,-29.702426383236666,135.47271560543598,0.0026000000000000003,136.0,135.0,146.0,62.62454314941715,6881.770062686341,4359.942261347269,2.8105591154704914
200,-29.70075681174837,135.47270778761316,0.002142857142857143,103.78571428571429,102.0,104.0,61.22651454200968,6882.92494027736,4356.973647467921,2.80565368580421
201,-29.69983951974566,135.47683835898172,0.00028571428571428574,139.78571428571428,132.0,140.0,57.59505687928686,6853.052080284619,4326.198577196932,2.8122357205987742
202,-29.701644461044367,135.47684688424462,0.0006000000000000001,141.0,131.0,146.0,62.84689636424264,6861.390617022949,4337.257019113407,2.814643170615499
203,-29.701673975632524,135.46857713944277,0.0004,93.9,88.0,94.0,65.94429791850962,6889.53971687243,4363.790558923769,2.806816268672282
204,-29.6989665602747,135.46856457358913,0.0006000000000000001,89.9,89.0,98.0,71.1642251414869,6912.439614629271,4391.358820414718,2.8057420370310364
205,-29.698251879623648,135.46649385508977,0.0,111.94444444444444,111.0,116.0,63.1706014627689,6889.126136233554,4364.6603297903075,2.8068338453387534
206,-29.666546431567536,135.62651981261124,0.0008196721311475413,221.5032786885246,217.1,232.8,45.66141305370729,6756.577680409799,4245.086670079183,2.82291937791192
207,-29.66442997538157,135.63508342190931,0.002514285714285715,110.72000000000001,101.0,113.7,64.49504291928861,6810.1821915425535,4299.67881842594,2.8135556023952675
208,-29.65288235115968,135.61506970324447,0.006895833333333338,132.01041666666666,131.2,132.8,55.08575666034449,6804.895526176893,4291.009067889081,2.8101918447449554
209,-29.64604516128531,135.61037894080886,0.0018823529411764715,145.75294117647059,142.2,146.6,55.371470726086045,6797.095602328271,4282.783686324323,2.8129437481202073
210,-29.628140339696817,135.59839179327076,0.0020540540540540547,74.4972972972973,73.5,74.5,71.11281099395273,6854.036607664049,4342.294919397782,2.804801812169972
211,-29.62365352773953,135.59268417862802,0.001888888888888889,85.70555555555556,84.3,91.2,75.01189411158884,6861.0458259400875,4351.842726587656,2.807351428477585
212,-29.63265358264121,135.59821186520855,0.00626732673267327,175.50544554455445,173.7,177.5,51.779692041815,6786.407777233526,4271.311063138999,2.815067503195662
213,-29.635179543493727,135.59843340149263,0.0057962962962963,180.01064814814816,179.9,183.0,50.2374373545299,6785.831051468253,4270.895758694609,2.8148036337135327
214,-29.650739368180922,135.6100973019997,0.0012222222222222226,244.88888888888889,243.9,245.1,31.820500860949323,6726.7776833846,4207.432436450832,2.8206146170260866
215,-29.654687263603613,135.61508067891958,0.003666666666666669,153.01590909090908,150.0,153.4,51.52035728010742,6788.077921058735,4273.037023968849,2.81319255024142
216,-29.57008537099148,135.60188965773264,0.0055,60.25,60.0,63.0,3.5999999999999996,6922.468338595863,4383.359585972128,2.79066347546883
217,-29.570803835475804,135.60266820990094,0.00175,62.0,60.0,67.0,1.595,6927.691322212613,4387.970720583789,2.791493764990663
218,-29.570803835475804,135.60266820990094,0.004,63.0,62.0,68.0,1.7399999999999998,6926.82696604366,4387.44183081265,2.7912318992475327
219,-29.504409631953894,135.55435138208813,0.0018333333333333335,36.0,28.0,48.0,17.13083333333333,6994.447339263021,4455.442428559189,2.791890681350688
220,-29.50440230961082,135.55610526357552,0.0017692307692307697,33.0,30.0,44.0,103.42461538461538,6941.936013939518,4439.432525705059,2.804036925870836
221,-29.504397991546565,135.55713695826486,0.0006923076923076924,35.0,28.0,48.0,1.2269230769230768,7006.30441653512,4461.3637568329505,2.7887839388724185
222,-29.46832847086887,135.54972019576726,0.0002,38.0,30.0,48.0,1.3329999999999997,7006.322809040717,4459.801173999327,2.788647791762584
223,-29.468323353344736,135.55095779226136,0.0005384615384615384,39.0,38.0,42.0,245.66,6839.728076107025,4394.205850530045,2.8268106421334775
224,-29.46831779637485,135.55229852143523,0.0005454545454545455,35.0,34.0,36.0,1.6588888888888889,6983.820129165018,4437.114776225277,2.7846730233327226
225,-29.38992295137277,135.52147292814828,0.0024000000000000002,42.0,42.0,44.0,3.8330000000000006,7009.921194774797,4461.527926508525,2.7837805815498355
226,-29.38991891620709,135.52250347153247,0.002454545454545455,44.95454545454545,44.0,55.0,1.458181818181818,7029.969048647243,4482.32050846325,2.7848684802396053
227,-29.389914873075647,135.52353401470623,0.00075,42.0,38.0,44.0,1.5187499999999998,7009.954361940556,4459.938818109373,2.7851008399940604
228,-29.3905182968906,135.55290830940055,0.0013333333333333333,40.833333333333336,40.0,43.0,7.649999999999999,6993.563438948808,4449.481312508018,2.785318376441084
229,-29.38889379307921,135.55289952455385,0.0026000000000000003,45.0,44.0,46.0,1.814,6990.795326918094,4444.193628171768,2.7848071121779574
230,-29.38799129078955,135.55289464439517,0.0016666666666666666,48.94444444444444,44.0,57.0,1.2833333333333334,7006.665189777435,4460.658104276878,2.7874634682038444
231,-29.346885351826558,135.44296348662226,0.001,42.0,42.0,50.0,1.2725,7074.288743873116,4518.53802993347,2.7815449848708633
232,-29.34688876759305,135.44193336442396,0.00016666666666666666,39.916666666666664,35.0,40.0,10.996666666666664,7048.881914968748,4494.240121289147,2.784282976877667
233,-29.346892175407344,135.44090324204797,0.00036363636363636367,43.0,42.0,54.0,11.747272727272728,7076.150620546738,4524.992381198534,2.784085361495642
234,-29.32650434038053,135.308983656821,0.0,38.0,34.0,46.0,1.4149999999999998,7146.292388463553,4576.98176445223,2.7795733952476556
235,-29.327406880005523,135.3089863772805,0.0008888888888888889,37.0,32.0,43.0,15.892222222222223,7132.719375438337,4568.724458733452,2.78216747518428
236,-29.32830941950818,135.30898909786416,0.0003333333333333333,35.0,30.0,44.0,4.677777777777779,7149.0127933805925,4580.9445263303205,2.7802752995228683
237,-29.31671228770286,135.40941495361002,0.0005,58.0,58.0,60.0,2.335,7066.65430905197,4507.411266854006,2.782094526627744
238,-29.3181160960182,135.40782429050742,0.0,58.833333333333336,57.0,61.0,0.9433333333333334,7067.583669135507,4507.303843225538,2.7827321085217216
239,-29.36996268665437,135.60998204502906,0.001,54.0,54.0,58.0,2.3575,6967.24942959745,4427.28183467616,2.786820646276573
240,-29.36860894306789,135.60997397538495,0.0003333333333333333,54.0,52.0,60.0,1.7449999999999999,6973.084082988982,4432.852581142159,2.787703280181064
241,-29.36743569840219,135.6099669821401,0.00075,49.875,48.0,50.0,1.6099999999999999,6960.98284555287,4419.304331172796,2.786576992188545
242,-29.415779759131645,135.5968548616924,0.001,43.525,32.0,44.0,15.67,6954.572936662218,4415.53799125976,2.7926642225321188
243,-29.415775368839586,135.59783411302018,0.0,28.9,26.0,33.0,1.298,6985.379538841982,4442.484810537479,2.7850707803689305
244,-29.41576958117556,135.59912260127803,0.0006666666666666666,24.833333333333332,24.0,27.0,1.4333333333333333,6982.997632493982,4440.145648679223,2.7835704343912058
245,-29.45265852775044,135.60439202707877,0.0005714285714285715,41.0,36.0,46.0,1.3557142857142856,6967.175927177101,4425.366889971796,2.7882800838640547
246,-29.451932792022728,135.6052126720025,0.0004,34.9,32.0,39.0,2.366,6969.108062746211,4427.790484277275,2.786720744210859
247,-29.451207051325067,135.60603330524782,0.0,38.92857142857143,33.0,42.0,1.2128571428571429,6963.182092039086,4420.764026125247,2.78822496128025
248,-29.586320589387608,135.62545573122816,0.0020615384615384623,173.93800000000002,166.0,174.6,89.46100694444442,6791.6740152673665,4278.993226270855,2.793780487804877
249,-29.223883508609948,135.49775721882338,0.00014285714285714287,49.0,20.0,98.0,206.33291558536803,7056.459184129759,4590.754898569534,2.832083592962096
250,-29.34332519956029,135.4360052080133,0.0007500000000000001,59.99166666666667,40.0,64.0,142.3708684582689,6969.802493951811,4466.153507347797,2.815536864500771
251,-29.60773089569196,135.71084197493056,0.0014096385542168677,289.98192771084337,278.2,296.3,36.32627986875377,6662.0409808859695,4154.507335527702,2.833690414508119
252,-29.300387939525237,135.5470674563613,3.3333333333333335e-05,30.0,16.0,38.0,149.02811987918358,6956.426167775149,4466.447093064144,2.8123691731818647
253,-29.71232606408825,135.4652355835303,0.0014414414414414415,188.99774774774775,156.8,190.1,5.0,6847.023268803616,4294.632092233671,2.8198416068964214
254,-29.704512921767698,135.5272253325571,0.0019175257731958771,170.99690721649486,144.7,267.0,1.128453608247422,6723.490776666058,4342.765955672154,3.1575773195876295
255,-29.719291097877306,135.58623536430719,0.020132743362831843,407.68893805309733,369.9,415.3,0.5967857142857145,6280.784536082473,4311.601030927835,2.8262268041237113
256,-29.72041916287168,135.58624192003293,0.0545864661654135,338.1827067669173,319.1,340.45,1.2663498098859316,6396.973076923077,4373.844230769229,2.80623076923077
257,-29.71752673463336,135.58725899968675,0.004414414414414415,240.84324324324325,239.2,241.4,12.036342592592591,6401.548837209301,4391.80465116279,2.8286744186046517
258,-29.729179736748748,135.66684173453717,0.01869369369369368,308.08207207207204,274.95,328.1,10.238310502283102,6258.545581395346,4288.515348837208,2.8657418604651164
259,-29.70718802947082,135.5571674195655,0.00301818181818182,374.68661818181835,367.59,376.46,0.7693750000000008,6413.212284069099,4394.588291746647,2.8711765834932823
260,-29.73727102581308,135.63080570606766,0.015567867036010982,438.9949030470913,437.95,439.7,39.55602493074794,6335.20511627907,4274.095038759696,2.860911627906976
261,-29.746841831806695,135.62983142757898,0.05665644171779133,400.9734049079756,396.05,409.8,23.579475308641978,6421.987873462219,4406.5868189806615,2.921609841827769
262,-29.651513308248358,135.61642521582382,0.004019943019942984,458.2393874643874,449.1,471.2,135.12859826589585,7023.099715504984,5017.41180654338,3.213137980085351
263,-29.65032856376645,135.61889767070707,0.002505691056910555,506.29754471544726,501.6,509.9,146.12994727592258,7066.674912280705,5053.598596491225,3.220764912280703
264,-29.71470417172932,135.5510574393144,0.004301994301994304,437.7869230769231,431.47,440.17,3.293411078717203,6192.568571428572,4166.655488721807,2.7512210526315766
265,-29.71741154582909,135.55107222680132,0.0021551724137931034,240.9196551724138,166.0,320.9,3.6713274336283184,6319.227860696513,4255.097512437809,2.764582089552238
266,-29.714770493015394,135.5459401774827,0.0057831325301204856,463.44222891566267,460.32,475.2,24.74171779141106,6214.335603715176,4200.811145510842,2.783495356037153
267,-29.71743295962005,135.54590289011162,0.009473684210526316,154.1955263157895,141.0,177.35,0.3091428571428571,5037.647169811322,3350.818867924528,2.6932641509433966
268,-29.715209812223172,135.53782668665332,0.0038187702265372186,396.1122653721683,392.95,401.0,2.6105050505050484,6146.7457746479,4155.979049295775,2.8262200704225378
269,-29.71569499859888,135.52940319810835,0.01762790697674417,336.82037209302325,315.7,341.55,1.391159420289855,6078.555172413795,4098.26650246305,2.7682192118226587
270,-29.722826290684672,135.5511018078292,0.006283524904214563,361.4635632183908,328.3,382.0,0.7320542635658921,6048.927647058824,4024.1350980392153,2.6833411764705866
271,-29.728431884548034,135.61108982742124,0.007186379928315395,290.1820788530465,289.7,291.0,0.5877642276422764,6248.122691292873,3920.2477572559383,2.933245382585754
272,-29.57456263146349,135.50177037296356,0.00014414414414414418,226.12342342342342,211.0,271.6,1.4072000000000002,7088.676016042776,4496.263101604276,2.9642941176470585
273,-29.57505112777868,135.51560748571856,0.00014942528735632186,185.04617816091957,152.6,187.8,4.785743243243247,7663.255056179775,4979.200749063669,3.013194756554306
274,-29.57597321611641,135.48649707844532,0.0006147540983606559,245.64262295081963,239.6,251.0,0.9721076233183863,7012.875062972296,4440.227959697736,2.9553551637279587
275,-29.70211767341157,135.63914045477657,0.003441176470588237,303.80716911764705,283.8,311.05,11.51282786885246,6729.828723404254,4148.596595744684,2.769766454352439
276,-29.548404633792877,135.43351773727682,0.00022897196261682248,218.75607476635514,208.9,273.2,5.967437185929646,7144.758854166656,4502.614322916673,2.9042265624999977
277,-29.718524364014268,135.66597059224222,0.0014427860696517418,236.34751243781093,199.5,276.2,0.8698709677419354,6484.596688741721,4003.2231788079457,2.7370794701986774
278,-29.72588176916821,135.66524011988471,0.0035552884615384544,444.47980769230765,202.0,507.0,8.071409214092139,6361.581626928468,3960.2326788218884,2.85299298737728
279,-29.736066676766878,135.6555943852261,0.0009059233449477358,309.96637630662025,303.4,318.5,1.1907905138339916,6728.071404958678,4160.488636363638,2.8184256198347097
280,-29.73604728683943,135.61628549518142,0.0049936708860759405,338.21471518987323,331.7,348.3,10.883096085409253,6878.249817518254,4279.17189781022,2.871485401459851
281,-29.76549201873991,135.63251476665744,0.02197512437810941,283.6988805970152,282.9,287.2,62.169271137026215,6940.600696378838,4443.315041782728,2.9575153203342657
282,-29.777572493609114,135.56976384300114,0.0026303724928366783,358.2970773638968,338.7,363.9,3.8230163934426242,7180.166666666667,4363.644444444445,2.7789999999999995
283,-29.7306122463374,135.64241705875077,0.003130681818181817,293.5617897727272,274.5,318.0,1.1047133757961787,5756.721305841927,3615.1934707903783,2.8932439862542925
284,-29.74770961743934,135.6370762041259,0.01858718861209963,239.61295373665476,233.5,242.6,6.742195121951222,7015.792237442922,4233.421004566206,2.7589178082191768
285,-29.74420185655395,135.6281765632633,0.0291270358306189,328.80195439739407,317.0,334.0,19.649033457249075,7139.377009523816,4415.991904761907,2.890304761904761
286,-29.64373440655446,135.61399944212314,0.0006666666666666671,54.0,39.0,57.0,84.03049587139685,6859.636159625814,4351.461287930651,2.8110298057394294
287,-29.615476126504483,135.58269003506732,0.00013812154696132603,207.24447513812146,136.5,251.9,14.402740740740743,7256.694105691056,4679.483333333332,3.0247357723577246
288,-29.613501244199647,135.57195794592803,0.0006043956043956048,117.33846153846153,116.3,213.6,20.62846153846154,6442.462244897962,3958.680612244899,2.789704081632652
289,-29.62029203267649,135.5710150386935,0.0008802395209580844,281.119760479042,262.0,285.4,14.695495867768596,6685.535294117641,4104.228194726169,2.7262941176470594
290,-29.649107206416925,135.3275226577673,0.00115909090909091,163.0530303030303,160.8,164.5,14.149651162790702,8050.2709090909075,5223.581707317073,2.923824242424244
291,-29.70291878645023,135.52297545120862,0.0017882037533512075,382.2888739946381,376.3,382.3,30.036224188790555,8209.616431924886,4437.5150234741795,3.033934272300469
292,-29.705527217157346,135.52318916576994,0.0022193548387096787,201.80129032258063,170.3,226.5,4.684049586776859,7807.449090909092,4356.021818181818,3.0145636363636372
293,-29.703697666249727,135.5278027355617,0.0020347826086956535,364.62836956521744,347.6,389.4,4.268099999999999,8018.673737373738,4909.753535353535,2.951888888888888
294,-29.7056532591292,135.4618208376221,0.0013221288515406172,316.4677871148459,308.7,319.2,1.6049689440993784,6686.371764705885,3084.7135294117656,2.812617647058822
295,-29.703316584845986,135.4529700453294,0.001750000000000001,331.063474025974,299.5,335.8,1.1701119402985074,7597.114685314691,3844.8090909090906,2.799335664335664
296,-29.698358676917817,135.45857577506686,0.0009509803921568632,326.0982026143792,310.0,379.1,1.9875486381322953,7251.487022900764,3842.041221374047,2.8207633587786254
297,-29.711902111233105,135.45968771255738,0.0012500000000000007,332.3671296296297,328.2,364.5,4.393564013840829,7759.126811594203,4006.3376811594194,2.9575289855072446
298,-29.714266809210947,135.4597017007255,0.004539007092198579,306.9986879432626,302.3,307.0,5.880450819672132,7914.776129032255,3996.4122580645176,2.7855096774193533
299,-29.700051318531198,135.46399718803994,0.0022148760330578526,270.46838842975205,253.1,274.6,1.7645320197044336,7591.067021276597,3909.239361702129,2.811021276595744
300,-29.773485517400626,135.934131420225,0.0002741935483870968,93.0,66.0,105.0,0.513984375,6718.187658892595,4207.523648252274,2.81642109473008
301,-29.74290885304212,135.90612114880656,0.00372961956521736,526.4183423913043,523.8,533.3,2.3958656716417943,4739.235648148147,2600.2138888888894,2.8825740740740717
302,-29.70908146546967,135.49002826492963,0.005805860805860795,206.2025641025641,198.9,217.9,56.1351914893617,8199.948117154807,4064.44142259414,2.9972384937238505
303,-29.71313335355129,135.49008001117136,0.0028275862068965533,339.8804075235108,327.0,362.4,5.976619217081848,7885.474814814817,4069.3423703703684,2.865977777777777
304,-29.715981230420066,135.4903942379652,0.002912479740680709,615.7889789303078,614.0,624.2,2.9913573883161497,7073.835603715169,3976.530650154798,2.7743126934984517
305,-29.708820082426595,135.4931320772165,0.0054726775956284055,384.11448087431717,348.5,420.8,71.7246483180428,8022.07272727273,4712.55471590909,2.991414772727275
306,-29.70805486637413,135.4877071866796,0.0013472668810289396,338.2212218649517,305.8,349.0,26.855687732342016,7478.4732876712305,4156.736301369863,2.892520547945206
307,-29.711243139688435,135.49004537814957,0.005625298329355599,443.7813842482102,397.7,461.5,10.39608355091385,7841.990454545457,4304.244090909092,2.799550000000003
308,-29.70638691713561,135.8482118019892,0.014654121863799283,506.58059139784933,467.7,552.5,83.89834763948501,5299.521111111109,3226.396296296295,3.0371592592592576
309,-29.70322921390377,135.84821617415972,0.000847352024922119,547.4246105919007,522.7,549.6,0.588872180451128,2404.8485714285694,1271.0834285714286,2.735651428571428
310,-29.70790707598451,135.85087348262505,0.009890873015872988,424.65654761904767,411.3,432.1,7.741780821917806,5446.9754098360645,2949.708743169398,2.9098032786885253
311,-29.705270453969355,135.8440656281487,0.017613356766256562,539.2920035149388,525.4,546.8,24.86359649122808,5832.428078817735,3264.1162561576384,2.925192118226601
312,-29.705004369860788,135.85058861507116,0.001608801955990221,431.51845965770167,430.6,445.4,7.10570934256055,4981.349166666667,2649.1066666666666,2.7481500000000003
313,-29.744442439207763,135.64263504330071,0.004309764309764304,327.6269360269359,315.3,330.7,6.195697674418604,6842.630769230769,3566.188111888111,2.7869580419580404
314,-29.773862725283827,136.04163468278102,0.00036280487804878054,559.9206097560975,557.8,561.4,43.63560747663554,8072.519093078759,5384.088711217191,2.994770883054893
315,-29.782605790293,136.04844791292783,0.00038717948717948737,465.0180512820513,459.3,473.0,10.835156794425096,8562.515400372436,5360.975650557616,3.006055762081786
316,-29.740640862136267,135.62884119001666,0.03390310077519381,268.63825581395355,254.5,274.6,11.891333333333336,7079.42054761905,4235.5035714285705,2.891678571428575
317,-29.739869849035987,135.6260043775624,0.016659420289855044,417.68775362318866,362.5,426.0,2.8789572192513364,7994.723333333332,4198.7884057971005,2.9339101449275375
318,-29.743860275663014,135.63135226538137,0.019990220048899734,415.84136919315415,379.0,417.9,10.753510638297874,7777.663211678836,3714.7782481751806,2.871573722627738
319,-29.740048162021715,135.63296701251855,0.049275590551181116,271.96771653543294,263.65,278.4,9.316108597285062,7898.968856447693,3897.617518248171,2.8792189781021875
320,-29.740048162021715,135.63296701251855,0.03799689440993785,434.69465838509313,415.9,444.5,7.454503105590062,7815.304405940589,3951.408910891091,2.9350660066006578
321,-29.74029939077581,135.63555630268723,0.03515949367088607,405.34227848101284,390.0,418.0,20.69887052341598,7691.321428571437,3933.3099702380955,2.894540178571429
322,-29.745545650215174,135.6342308082582,0.016297229219143568,410.85642317380353,403.4,413.4,5.647765363128489,7647.629406392692,3872.5703196347013,2.8809726027397238
323,-29.744316622160106,135.6375592362488,0.03681930184804929,498.539158110883,483.2,545.1,3.5201995565410193,7567.150643776825,3987.5339055794,2.8173562231759655
324,-29.762037056138936,135.63631038018764,0.01693800539083558,449.6509433962264,440.7,461.0,4.160384068278808,6951.00807212205,4504.343213296398,2.711558171745154
325,-29.713820556101805,135.52329344947327,0.003180645161290324,349.03935483870964,345.7,349.7,9.089804687500001,7286.74166666667,4055.769444444444,2.7356041666666675
326,-29.716646924100623,135.5215856666362,0.002210256410256411,318.0764102564103,312.1,332.1,0.8464102564102564,7145.141666666664,3354.8468749999997,2.7394374999999997
327,-29.53770948198409,135.37690409024898,0.0016746031746031754,169.61992063492065,146.4,171.7,92.8831034482758,8293.445175438595,5357.502631578941,2.8888815789473674
328,-29.779382940147773,135.92485669150767,0.00011640211640211644,261.6780423280423,159.0,294.5,1.01875,6022.350267379679,3417.0069518716555,3.080090909090907
329,-29.779916271804773,135.9228554113945,0.0006404494382022472,553.9599719101122,505.3,672.0,1.733390928725702,3374.4261235955055,1894.6845505617976,3.348640449438201
330,-29.731459249212346,135.63808476899894,0.002466135458167332,405.292828685259,399.5,408.6,2.795160000000001,7184.924516129033,3507.569032258065,2.839812903225807
331,-29.733975625416107,135.63704978792478,0.0006390728476821195,318.8668874172186,317.1,321.0,15.525303030303029,6648.207333333332,3701.858666666667,2.8262333333333327
332,-29.736423942425137,135.6359894573441,0.012715762273901796,408.0984496124032,392.5,444.5,83.67612535612534,7698.320903954803,4132.949717514125,2.9234180790960447
333,-29.731734363605355,135.6230704982677,0.0021277372262773733,317.0591240875913,308.5,341.0,1.5950000000000006,7092.202064220188,3440.7292906178495,2.782091533180777
334,-29.74911362763282,135.6269857222192,0.026287461773700317,410.3684097859326,404.7,421.4,5.24418831168831,7338.719944979375,4987.025309491061,2.7699160935350746
335,-29.65177840759845,135.61571342900905,0.0011265597147950097,356.20460784313724,355.1,388.3,166.56691382765527,7697.000398406375,4989.414541832666,3.046655378486053
336,-29.638655026116552,135.60838814897122,0.0019364485981308386,557.2734579439252,556.5,558.2,32.17868644067798,8044.030479452052,3992.579794520546,2.810284246575342
337,-29.64242697465003,135.61577352253963,0.0027202797202797208,194.92237762237764,156.0,195.0,0.3404225352112676,6035.132142857142,2868.667857142857,2.700785714285715
338,-29.63713966106023,135.61017657112586,0.00907552083333331,428.0195312499998,388.5,450.0,23.88541806020068,7410.573469387754,3940.370068027212,2.8740272108843525
339,-29.634817391724358,135.60207913463978,0.001087671232876713,370.1560273972603,351.0,381.0,41.01425149700602,7348.407619047614,3972.139523809521,2.80208095238095
340,-29.70671673019918,135.38459288430806,0.003315693430656927,409.2233576642334,408.5,423.8,4.906526946107785,6517.077019748654,4294.8375899280545,2.7130000000000005
341,-29.70808747987492,135.3845643331356,0.0027092731829573943,333.18847117794473,331.0,341.6,13.590619195046433,6822.748615384617,4411.751692307687,2.740858461538461
342,-29.592083738711754,135.52094326319937,0.0005142857142857145,172.63942857142857,120.8,278.0,3.7753773584905677,8273.993229166668,5411.851041666666,3.001369791666667
343,-29.69178968611557,135.48299051069398,2.3255813953488374e-05,214.94215116279076,189.0,234.5,111.26993333333334,7784.857321428567,5062.445821428571,2.942575
344,-29.690536035907563,135.39648326166756,0.0019974554707379148,320.2673027989821,320.0,345.9,11.92841498559078,6099.461797752809,3606.1348314606735,2.9989213483146067
345,-29.68821008992877,135.39666926528207,0.00815909090909089,310.8585227272728,308.6,311.9,25.08421052631577,6595.340983606556,3898.068852459017,2.9801803278688532
346,-29.686705029698373,135.4020259477968,0.004002421307506041,383.61924939467303,362.8,392.2,17.539073569482277,6940.8275862069,4138.334482758621,3.008821839080461
347,-29.68710458102782,135.3799456907221,0.013141955835962138,294.2279179810725,292.2,299.3,28.132365591397843,7699.191608391611,5212.38881118881,3.0041468531468523
348,-29.58431087674119,135.6020780984112,0.0010025974025974034,345.0612987012985,341.4,354.0,8.212493506493509,5827.663684210528,3207.6147368421043,2.6536578947368423
349,-29.577504860979662,135.57076273276596,0.00044367816091954036,328.44000000000005,322.2,338.1,13.813950000000004,6526.260962566844,3816.0352941176484,2.7532352941176486
350,-29.581863982545013,135.56963077001421,0.0013704545454545464,327.2485227272725,322.9,328.8,7.504189526184538,6280.287046632125,3520.52694300518,2.6863108808290144
351,-29.5870366555702,135.63808942942836,0.0006585956416464894,395.09636803874076,383.4,401.4,86.1403234501347,7410.695220588238,4045.5055147058815,2.794639705882354
352,-29.373942451058394,135.53192933102721,0.007394366197183088,283.4272887323945,279.4,301.5,5.889182879377426,7538.189261744968,4930.65234899329,2.717979865771813
353,-29.37966286965075,135.5336091417092,0.0009163179916317995,255.6679916317992,233.0,264.3,0.1665625,7584.315789473683,4914.07067669173,2.6580526315789474
354,-29.71472092619243,135.46917439966558,0.01351437699680511,335.93051118210866,326.1,349.5,15.66174904942966,8121.083098591542,5400.918309859154,2.8571056338028176
355,-29.705817033082905,135.4372614731563,0.0006889952153110051,210.3150717703349,164.8,252.4,59.37538011695908,7708.893939393941,5263.665151515152,3.08151515151515
356,-29.70157778357435,135.44858848473416,0.0009905660377358496,336.9638364779874,334.8,346.6,5.998214285714284,8017.418666666667,5297.252666666667,2.803513333333334
357,-29.701710962989694,135.42219667469507,0.0010171821305841931,319.638762886598,313.0,326.2,1.9662139917695478,8138.538260869565,5410.666086956521,2.852321739130436
358,-29.70438450111666,135.42220382489072,0.004372670807453415,354.63844720496894,348.0,360.2,4.357408759124084,7783.185156249999,5088.153906249999,2.7324453125000003
359,-29.718807752337014,135.4252229073864,0.0005180327868852463,344.7052459016394,297.0,394.5,0.09524528301886781,7894.449074074074,5096.411111111112,2.639249999999999
360,-29.706997340548874,135.42221262465048,0.0007129032258064521,335.1503225806451,257.0,337.7,0.8662313432835822,7738.402173913042,5042.110144927536,2.7062246376811605
361,-29.707218238646185,135.48989986719434,0.004720316622691282,408.8559366754616,395.0,421.1,59.601394658753705,7611.093157894741,4157.630000000002,2.890421052631576
362,-29.718702715598575,135.4916248010494,0.0012562500000000004,348.038125,319.5,371.4,0.9062500000000001,6983.785380116957,4024.588888888886,2.745
363,-29.709244100022122,135.48898629004222,0.003919881305637972,339.19451038575687,333.3,357.7,4.572525252525255,7625.614465408803,3780.7377358490576,2.765106918238996
364,-29.711476906939826,135.48227573469168,0.0005506329113924055,340.62700421940934,334.6,349.7,5.428223234624146,5920.296685082874,3560.646408839779,2.978359116022102
365,-29.715781614111357,135.48813883304442,0.00610261569416497,428.8077867203218,428.4,434.3,1.2238802660753891,7171.110945273631,4704.760845771145,2.772751243781095
366,-29.72579444063097,135.47930409236454,0.000218045112781955,410.77017543859654,389.8,466.5,0.7135446685878969,7021.810828025478,4512.849681528661,2.5792547770700636
367,-29.71568548689762,135.49566589616626,0.0001541353383458647,305.2458646616541,267.8,345.05,4.24986175115207,7749.696116504857,5072.331067961164,2.729310679611651
368,-29.714518172451683,135.48490179611647,0.012170868347338923,374.9806722689075,370.7,375.0,3.7525867507886432,7809.344186046516,5160.342441860467,2.7997965116279064
369,-29.71640087415668,135.4849007330617,0.00631152647975077,331.22476635514016,328.4,356.3,1.466868327402135,7816.578676470588,5113.9338235294135,2.7381250000000006
370,-29.71589706602132,135.48177230189864,0.0029085714285714266,374.83200000000005,371.1,395.2,6.6709294871794915,7997.916083916086,5287.109790209788,2.810076923076923
371,-29.711757340838776,135.49700672639716,0.003948509485094845,392.26734417344164,389.9,395.7,1.7453495440729485,7761.702976190478,5082.629166666667,2.7438214285714295
372,-29.71923753710401,135.4949575405914,0.0007586206896551727,315.58827586206894,295.9,352.0,0.67016,7579.58205128205,4931.72222222222,2.6798290598290606
373,-29.713337826575284,135.50263890843323,0.012127659574468066,331.6743161094226,328.7,333.1,1.9473895582329335,7859.514583333327,5151.343055555555,2.750770833333335
374,-29.706319186196154,135.8392102197935,0.010874092009685208,403.95072639225185,402.8,408.5,5.2429032258064545,4899.56884057971,2810.6202898550728,2.872289855072463
375,-29.71764907795184,135.85706232975085,0.0004622030237580996,312.2109071274298,275.4,367.4,0.08938242280285055,3941.540735294118,2465.304411764707,2.795544117647059
376,-29.70391678417296,135.84574784986367,0.0015294117647058829,441.9488235294119,436.6,448.5,4.299363057324838,5934.527737226278,2963.437226277373,2.6687810218978103
377,-29.70778248183995,135.852902318498,0.00757611940298505,310.63850746268656,307.3,318.1,50.33921052631577,6098.251851851854,3918.9671111111124,2.935755555555555
378,-29.705888194658012,135.85288124505354,0.005597785977859771,328.34114391143913,312.8,353.8,11.787953216374271,7354.406976744186,4893.547674418605,2.8551860465116277
379,-29.70068412572621,135.4795964602874,0.0037165775401069375,320.55975935828883,287.3,323.3,67.45197860962568,5228.320312500001,2993.6835937499986,3.0774843749999996
380,-29.699165812686942,135.47959585313146,0.003116483516483512,350.4514285714286,286.6,373.2,26.243457711442797,5118.016666666669,2971.805303030303,2.917462121212121
381,-29.69992353619168,135.47008598560095,0.004188498402555901,304.31677316293946,301.5,309.8,23.950954063604232,7016.409999999999,4187.59,3.0269874999999984
382,-29.694528064582144,135.4767323091983,0.0006126373626373629,422.4795329670329,420.5,434.9,144.66235668789818,8699.368852459014,5989.013114754096,3.1723934426229508
383,-29.4488566726138,135.56744239641438,0.00763636363636362,374.0991161616162,366.3,383.9,1.1270698924731184,7888.353731343285,5233.195522388058,2.845721393034825
384,-29.44652331307913,135.56852386893695,0.010641095890410937,341.0498630136987,321.3,353.0,0.26427745664739893,7999.907474226806,5242.60773195876,2.759283505154639
385,-29.44269459089013,135.58849144890186,0.0003956043956043958,313.76497252747254,304.0,370.6,1.4842613636363617,8196.402247191014,5349.9325842696635,2.738887640449438
386,-29.71207577187252,135.72368527833785,0.004480582524271841,370.0066747572814,360.1,490.7,41.850867208672106,7307.725146198832,4870.977192982456,2.8726315789473675
387,-29.714764314632482,135.72371408325523,0.0018355437665782501,354.2376657824933,350.7,389.4,1.2899101796407184,7150.329299363061,4672.586624203821,2.709878980891718
388,-29.74641335787674,135.6426604051852,0.0008676844783715019,373.85038167938933,368.3,381.8,1.5697198879551795,5203.423780487807,2724.838414634147,2.31839024390244
389,-29.746960738338238,135.65234512071143,0.004780575539568311,393.22733812949616,375.8,393.8,1.9451737451737452,5080.374761904762,2796.3633333333346,2.7474238095238093
390,-29.51553895771321,135.54717902795704,0.00022598870056497183,325.62542372881364,302.0,332.4,0.847945619335347,8176.653012048187,5350.598192771086,2.746626506024097
391,-29.50963093929494,135.54122810717217,0.000261904761904762,252.48180272108837,245.9,266.7,0.21393501805054155,8289.809401709397,5364.075213675214,2.6661452991452994
392,-29.68464089364491,135.32122714713742,0.0026878787878787894,376.3927272727273,363.1,388.1,11.978529411764708,7768.192682926829,5029.852845528455,2.6746666666666674
393,-29.76361253660483,135.63822632290382,0.0016746203904555318,351.2160520607374,350.0,351.6,0.27429975429975456,5338.992857142855,3015.9428571428566,2.6161428571428575
394,-29.76017759509605,135.65294218585493,0.0024480519480519487,313.2290584415584,308.8,464.2,0.0338431372549019,7230.774285714285,4725.817142857143,2.7590571428571424
395,-29.614666053235478,135.31076142596194,0.00023825503355704705,308.1909395973153,292.3,330.0,40.34404494382024,8135.712686567163,5431.392537313431,2.893589552238807
396,-29.61626419478984,135.31253256177794,8.264462809917356e-05,268.3568181818182,248.0,273.8,51.53985074626861,8353.957731958766,5605.636082474229,2.936092783505155
397,-29.68724206186409,135.94287433860276,0.0008791208791208794,468.61868131868135,462.0,471.2,99.79403292181068,8072.278448275865,5373.693965517239,2.8615862068965514
398,-29.71482081695877,135.5191906417182,0.0011169230769230776,197.57815384615387,168.0,214.0,3.1791719745222933,7773.223076923077,4286.36923076923,2.7711153846153844
399,-29.429366823138928,135.5636892231056,0.0023134328358208967,298.79567164179116,298.2,299.7,0.998611987381703,8111.057988165675,5339.250295857989,2.8131360946745576
400,-29.432147724091053,135.56056792789292,4.26829268292683e-05,356.3820121951219,348.9,379.5,0.26101449275362365,7720.823893805307,5043.5911504424785,2.702026548672567
401,-29.42910062503018,135.56363186502378,0.007224242424242408,325.6203030303029,324.4,328.7,1.3429354838709673,8120.257692307689,5342.853846153846,2.7922615384615392
402,-29.43219815385065,135.5638527646548,0.009017543859649105,345.17602339181286,338.9,358.1,0.2129938271604939,7958.484713375794,5235.521656050955,2.7827133757961797
403,-29.427712966788665,135.54740631504842,0.0003368421052631581,288.43192982456145,247.0,296.8,30.585665399239538,8050.172649572649,5346.419658119657,2.843094017094016
404,-29.710537568623558,135.82030608195916,0.00036000000000000024,355.496,323.9,378.6,0.7276530612244899,7200.291489361702,4278.700709219859,2.8198723404255315
405,-29.70407296863421,135.8005231384843,0.0003831775700934582,391.2625000000001,381.3,391.7,0.5008602150537637,6953.617391304348,4588.208695652174,2.7825465838509307
406,-29.654080056168212,135.61805357408093,0.001541547277936964,347.600429799427,307.0,362.6,64.94304347826092,7482.812857142856,4614.474285714286,2.913214285714286
407,-29.7063284124113,135.38790504018218,0.0015972222222222227,385.8016666666668,342.8,408.5,5.1886581469648565,8202.019205298013,5372.320529801327,2.7450529801324492
408,-29.698125763172545,135.40719703574973,0.0032957746478873254,265.95211267605634,263.9,278.1,8.13741379310344,6402.832692307692,4189.836538461538,2.7304038461538473
409,-29.696702949315892,135.41274941306207,0.0023927492447129916,369.83111782477346,323.9,375.3,8.026594982078864,7977.284444444442,5292.4681481481475,2.8536518518518537
410,-29.68628136004297,135.36296591130528,0.00041818181818181836,258.58090909090913,226.8,262.4,1.127966101694915,6896.896385542168,4491.9907228915645,2.705734939759036
411,-29.69822508497174,135.36228223647706,0.0006512605042016809,287.7945378151261,287.15,288.1,0.2468333333333334,7984.1109375,5071.94375,2.5704062499999996
412,-29.6956987799751,135.36375784944815,0.0023797468354430384,222.31772151898733,213.0,248.4,0.2770466321243524,7322.052884615387,4843.703365384615,2.812855769230769
413,-29.69734649376076,135.3653891109183,0.0014342105263157898,267.7436403508772,265.5,283.9,1.6784269662921338,7382.23947368421,4830.026315789473,2.7363421052631565
414,-29.69594370201304,135.36591277447184,0.0024887640449438213,355.8566011235955,341.6,356.3,0.5479999999999996,7114.816071428567,4698.738690476189,2.800297619047619
415,-29.689208470396533,135.3589793767289,0.004616129032258052,321.42709677419356,316.5,329.9,4.090888030888014,7526.550704225348,4992.680141843971,2.7882323943661973
416,-29.69367949238036,135.36073263655206,0.00020963172804532588,426.0395184135977,385.9,433.5,0.21947540983606553,7811.748717948717,5153.077564102567,2.8017884615384614
417,-29.69681111303293,135.37289417090457,0.0038117283950617246,331.9964506172839,324.5,332.0,0.3255956678700362,8061.753076923076,5312.107692307689,2.792576923076922
418,-29.701358305245066,135.37214255640646,0.000710743801652893,298.58842975206613,287.3,314.4,0.3275806451612902,7865.235789473683,5139.7768421052615,2.7096947368421063
419,-29.704744349611374,135.37879809967413,0.0022226148409894,341.03533568904606,340.9,343.0,0.6063519313304717,7379.646728971961,4819.898130841124,2.7114485981308416
420,-29.513837317776964,135.60511288770178,0.0002846889952153111,318.27117224880385,285.2,324.0,25.88032418952619,7138.404568527917,4747.034517766499,2.796675126903553
421,-29.51180030328856,135.60815853865506,0.0001352459016393443,222.79999999999993,218.0,228.2,0.8053393665158376,7610.098749999997,4943.915000000002,2.6843749999999997
422,-29.54886337521845,135.60338075775772,0.0002672176308539946,344.0370523415978,335.5,353.4,41.190000000000005,7736.016875000003,5071.833125000003,2.7436125000000002
423,-29.670198255261287,135.32232758532209,0.0003904109589041098,347.5517808219178,346.2,349.88,0.9617209302325576,7681.040384615383,5044.865384615386,2.7540673076923072
424,-29.66829364186379,135.35655194404444,0.0008006134969325157,348.24119631901846,348.0,399.0,3.1123591549295764,7952.457391304343,5220.27043478261,2.7526347826086957
425,-29.659518162068945,135.30402228659804,0.000171875,95.99453125,63.0,96.0,98.2679871874061,6955.053661567948,4421.0492821031785,2.819732570859799
426,-29.659543931208983,135.30402503002244,0.0019211956521739142,425.15184782608696,411.1,435.0,0.7583445945945947,7754.146896551722,5108.747586206895,2.7823172413793107
427,-29.662224780233537,135.30329744334412,0.0013722627737226287,448.46518248175175,341.7,459.2,5.039356725146201,7583.710588235292,5003.361764705884,2.793823529411765
428,-29.66477409651865,135.30330324083687,0.00400842696629213,423.11039325842694,421.1,424.3,1.2536646654971264,7482.340689655171,4879.849655172413,2.722668965517241
429,-29.680204819318924,135.3410725564095,0.0008885448916408673,390.3072755417958,386.0,397.3,0.6333474576271186,7160.770229007635,4706.470229007635,2.7719007633587776
430,-29.683171362217298,135.34030343601094,0.0020225080385852102,368.52025723472667,366.2,368.8,0.48600877192982445,7446.3758333333335,4832.940833333333,2.6801166666666676
431,-29.79633959356647,135.58631802797427,0.0014612903225806463,337.4453225806452,337.0,338.4,0.11899598393574286,8071.571681415927,5323.042477876105,2.790053097345133
432,-29.72293258836862,135.73662532535806,0.00031884057971014504,175.66123188405797,137.4,319.7,0.39891304347826095,7771.267567567568,5074.443243243244,2.7304864864864857
433,-29.74455334435139,135.72933511000906,0.0018466453674121418,360.00367412140577,325.7,369.0,0.6581007751937985,8064.618811881191,5343.873267326731,2.8449999999999993
434,-29.71412894830039,135.45763739703952,0.002640569395017795,314.56209964412807,309.0,326.0,8.209346938775509,7839.198260869566,5151.4078260869555,2.760052173913044
435,-29.712831220856533,135.44983813398198,0.0003361702127659576,266.0304255319149,252.2,278.4,3.114880952380951,7656.257446808514,5006.022340425532,2.7244680851063827
436,-29.7141777485984,135.47484287462893,0.001535384615384616,367.76907692307697,340.9,426.3,10.636394052044611,7854.17468253968,5179.266666666665,2.826261904761907
437,-29.715066747192488,135.4554073765885,0.0050544747081712055,291.97665369649803,291.0,296.0,8.269627906976746,7869.12641509434,5187.697169811321,2.8024905660377364
438,-29.567943840585237,135.48636102006807,0.001219512195121952,248.23182926829253,246.1,259.3,0.22445945945945936,7988.659574468085,5212.7308510638295,2.720648936170213
439,-29.55682377893013,135.45256624783522,0.0002185185185185186,286.6832962962962,276.2,305.1,7.563577235772355,8354.243137254898,5598.008823529411,2.9179215686274524
440,-29.723854440198703,135.69945478798678,0.0006112852664576805,349.0592476489029,300.5,372.8,0.3848339483394834,7461.685606060605,4836.965151515151,2.665477272727273
441,-29.721088229256893,135.69928973075918,0.0037380952380952396,205.45624999999995,184.7,207.2,1.2201587301587309,7134.977777777778,4712.200000000001,2.7927638888888895
442,-29.717159506943393,135.70674169495243,0.007579999999999989,370.32334285714273,366.6,376.2,1.410322580645161,7764.997385620915,5118.267973856208,2.8134967320261435
443,-29.718292632114345,135.70012046268636,0.0034729241877256337,403.3821299638991,393.1,455.9,2.6618250950570355,7451.000714285718,4899.813571428569,2.7774428571428578
444,-29.71650939978303,135.72246455387082,0.0014726224783861677,392.65345821325633,390.0,395.7,1.1597741935483865,7276.788590604026,4769.820134228187,2.734926174496644
445,-29.714733129463305,135.731123723928,0.0014067278287461782,388.77844036697246,386.0,390.0,19.41848275862071,7747.137500000001,5057.774305555555,2.7273402777777784
446,-29.785590722856874,135.57681413337107,0.000616352201257862,382.58820754716965,375.0,444.0,10.471772151898733,7781.3875,5067.403333333335,2.6976416666666676
447,-29.777756895600948,135.56972182041105,0.0006807387862796837,398.1563324538257,386.7,420.4,10.14388888888889,7754.659615384617,5071.202564102567,2.7494551282051276
448,-29.7730252845818,135.5759190472852,0.0027782369146005436,467.9861570247934,412.1,513.5,4.719838945827235,8024.835260115608,5257.131213872832,2.751797687861272
449,-29.776101115051397,135.57301031115028,0.0008067885117493477,381.278590078329,376.0,434.16,5.47563953488372,7924.698496240598,5168.785714285714,2.749924812030075
450,-29.783031144740143,135.6060560882828,0.0030194174757281543,483.25373786407795,460.5,513.1,0.11297297297297305,7809.3164705882355,5137.415294117645,2.7928882352941176
451,-29.78118755000229,135.60415951434726,0.0020437500000000017,496.272916666667,485.1,512.3,1.113247663551401,7698.127536231883,5060.963285024153,2.7875990338164254
452,-29.78738142134968,135.5985000961243,0.010900269541778957,412.1103504043127,352.9,441.8,0.3727564102564103,8308.601315789474,5635.652631578948,3.055052631578946
453,-29.777850129622536,135.60550391846908,0.00038187702265372186,390.03168284789655,380.0,423.31,0.47966037735849054,7956.021538461535,5276.922307692305,2.8551923076923083
454,-29.77617245681721,135.60315133959386,0.00024183006535947725,357.2129738562091,315.7,363.2,0.5810288065843623,8816.66068376068,5838.9333333333325,2.8509145299145295
455,-29.77462351192117,135.60077735603144,6.666666666666667e-05,89.99666666666667,78.0,108.0,15.867540365718014,7590.384210526315,4852.815789473684,2.575315789473684
456,-29.774644283872036,135.60082168305289,0.001106060606060607,377.33727272727276,169.0,413.9,0.39873188405797105,7760.380327868851,5046.980327868852,2.6921311475409833
457,-29.784050493464807,135.5935450910689,0.00010236220472440946,186.84094488188975,183.0,299.6,1.0177777777777777,7183.1,4585.71,2.5547000000000004
458,-29.78403095271656,135.59350942795652,0.0002428571428571429,104.99857142857142,96.0,150.0,87.1203253800777,6912.043662895008,4416.225651709361,2.820860882853984
459,-29.785648841288968,135.59615493385442,0.0026585365853658556,338.65714285714296,336.5,344.55,0.280316742081448,8697.345045045045,5659.383783783783,2.7495945945945954
460,-29.755917285554307,135.7038308197038,0.00804214559386971,419.82605363984675,418.8,422.5,1.8259003831417613,7675.925517241378,5040.948965517243,2.7551379310344832
461,-29.71217584811811,135.756691169696,0.007411609498680716,408.17097625329814,398.8,447.0,1.0230267062314544,7752.44402173913,5078.532065217395,2.7564673913043487
462,-29.707082836241714,135.7897697539827,0.0025899581589958164,289.8693723849372,280.6,296.6,2.0197790055248617,7589.432584269667,4977.939325842696,2.760853932584269
463,-29.703046650454244,135.39588658205568,0.0009973821989528802,410.0982198952879,392.7,420.7,1.3728915662650605,7692.2576923076895,5016.776153846154,2.7111846153846146
464,-29.70579389291469,135.395796573238,0.00344221105527638,422.57354271356786,414.4,477.5,0.4724471299093657,7626.76258064516,4970.538709677421,2.717683870967742
465,-29.703521388062953,135.40756502572071,0.0003480825958702067,378.57008849557536,375.8,385.8,0.7083848797250859,7549.336551724142,4966.821379310343,2.778875862068966
466,-29.706451418107303,135.40757159461612,0.003237735849056604,297.6245283018868,294.0,299.6,1.1326146788990825,7348.668867924527,4748.9301886792455,2.650877358490566
467,-29.73227545320161,135.74465205730434,0.00038823529411764713,115.45999999999998,87.0,122.4,1.150487804878049,7325.5,4771.784210526315,2.678578947368421
468,-29.78355008463161,135.61272661595382,0.0008989169675090257,312.2279061371841,312.1,313.4,0.25368421052631585,9456.892465753423,6232.318493150687,2.8081506849315074
469,-29.776327925758746,135.61739979856776,0.0004958333333333336,279.76791666666674,267.4,321.8,1.2039361702127662,8066.424761904759,5252.9057142857155,2.675828571428571
470,-29.437529382705026,135.57029874614278,0.000896551724137931,188.59620689655173,174.7,189.62,284.1356589147287,4056.9627906976752,2718.44031007752,2.718748062015505
471,-29.440752385378342,135.57005899205734,0.006666666666666668,209.0,203.2,211.86,127.15131578947368,3901.3618421052633,2611.058881578945,2.724519736842106
472,-29.67571950982907,135.633294138125,0.0,258.73999999999995,250.0,266.95,82.78095238095239,4977.5936,3318.8440000000023,2.7522720000000005
473,-29.668214747073026,135.62678849709658,6.711409395973155e-05,315.3322147651007,312.8,315.4,21.580645161290324,5546.1306122449,3666.940136054423,2.734081632653062
474,-29.635296587453322,135.59649196678754,0.003289473684210526,276.92039473684207,275.5,308.5,2274.1929824561403,5390.222466960351,3690.3625550660768,3.0833392070484567
475,-29.692138374973865,135.5519678966157,0.0020184049079754614,245.00306748466258,233.5,278.5,33.20294478527609,6751.91452344372,4265.946284467127,2.903981595092023
476,-29.72089404657825,135.57173397811044,0.062337662337662206,186.03896103896105,185.3,186.3,0.9329761904761907,567.8865476190477,400.2280952380952,3.4067857142857143
477,-29.72049728342261,135.56763109828896,0.28904458598726085,215.91656050955416,147.0,240.4,1.2869832402234633,366.2312921348316,254.56556179775293,3.3069101123595512
478,-29.720913966754498,135.57591662425332,0.38241289198606315,448.08850174216025,444.1,453.0,2.7564444444444436,463.76696485623023,324.81661341853044,3.305594249201276
479,-29.72390956564398,135.57177911199767,0.036197183098591365,383.2104225352113,367.2,395.0,1.257921810699588,535.528888888889,349.40432098765416,2.884168724279836
480,-29.72067278297478,135.57798485796653,0.7397297297297295,370.1828828828829,368.7,373.9,1.0648451327433621,576.0420796460176,408.43084070796465,3.4621327433628335
481,-29.717322778780986,135.57175831950227,0.518508064516129,438.94032258064516,438.0,442.7,0.7502291666666664,530.8083333333334,349.4678750000001,2.9228875000000003
482,-29.71833945843023,135.5779662679916,0.24737951807228922,417.78855421686745,405.5,423.8,191.5353846153845,663.2290688259114,453.6381376518217,3.1643036437246947
483,-29.71976964562269,135.58003467621631,0.42653061224489824,224.1338775510204,222.9,259.0,37.016000000000005,586.5325999999998,401.0211333333333,3.210753333333333
484,-29.722137153067518,135.56350152668813,0.03964664310954042,369.1219081272085,355.6,388.3,2.1239655172413805,540.040459770115,356.56172413793104,2.9591379310344825
485,-29.716596309855326,135.57381998763836,0.812240896358543,419.2852941176471,419.2,419.6,89.87811320754703,741.0243396226414,495.1793584905659,3.005494339622644
486,-29.71824418446625,135.56762535792816,0.11994791666666656,401.38046875000003,387.5,404.0,1.3999233716475097,849.4410344827585,562.0893869731801,2.9590727969348647
487,-29.72202292871607,135.57797314603354,0.38927392739273964,435.7792079207921,418.5,453.8,1.5252532894736837,911.708848684211,633.6999342105264,3.294513157894738
488,-29.71917433657631,135.5821074598049,0.42422907488986805,363.8885462555066,342.0,381.4,0.8569230769230766,708.6911965811967,462.66863247863233,2.9131025641025623
489,-29.717944378311792,135.57589167898016,0.4904051896207585,400.9508982035929,334.6,406.0,3.536229629629632,854.1886142322096,582.1429962546816,3.135850187265917
490,-29.717598892187468,135.572795914776,0.2605464480874319,411.3215846994536,410.7,418.0,0.8304809885931549,2554.2912547528517,1628.4927756654008,2.7674676806083656
491,-29.717145209924112,135.57382930258464,0.3342705570291781,391.13700265251987,387.8,417.0,11.293070866141733,2591.4216535433093,1675.3366141732286,2.8278543307086643
492,-29.717074725196113,135.57483451999127,0.2242482100238662,405.604415274463,403.1,410.9,79.99744047619039,2643.467992047713,1722.238966202784,2.867377733598407
493,-29.71871379002225,135.57692690185823,0.3291959798994975,307.5821608040201,300.5,324.4,0.46423376623376633,3673.1971698113202,2475.3117924528296,2.9157405660377376
494,-29.73147065602427,135.63593954703558,0.02282258064516128,198.00604838709677,188.4,209.1,0.7566129032258062,6686.952567173474,4195.161935393706,2.9047499999999986
495,-29.729440161144083,135.63592674098115,0.00046938775510204094,124.98673469387757,116.9,127.8,5.346734693877552,6918.521760565396,4346.229581658552,2.7206734693877554
496,-29.732824318928625,135.6359480851332,0.004952380952380955,217.9985714285714,217.0,223.4,1.0159433962264153,6770.090581107226,4234.253451274701,2.8011037735849067
497,-29.744178476810536,135.6205073613127,0.043738019169328984,245.5,231.3,247.1,3.4069426751592347,6559.308097689602,4092.408304595543,2.9699426751592344
498,-29.74237359062096,135.62049624859756,0.0038961038961038974,160.9935064935065,88.5,237.0,2.811558441558441,7025.10434457528,4477.955332137088,2.811545454545455
499,-29.641887415313374,135.42749157546092,0.0005294117647058824,224.84411764705882,191.9,238.8,80.29942762420069,6840.365723518815,4318.761756924667,2.83675741129874
500,-29.738988374562158,135.63214010623093,0.01937551020408161,271.2204081632653,270.9,272.3,267.01382113821137,6435.808328441439,4057.9171312748276,2.9540813008130082
501,-29.19930415343884,135.32555390485012,0.008108108108108109,88.51351351351352,42.0,145.0,2233.883495145631,5904.24072553308,4260.808348141347,3.1859826429237157
502,-29.19948215868222,135.32658313446268,0.0010526315789473684,93.88157894736842,91.0,97.0,151.14008125193686,7017.88938410678,4511.537522307091,2.809652401414503
503,-29.719763143995515,135.56142352955342,0.12658385093167715,434.8385714285716,416.7,557.6,0.6999733688415452,6929.079973297733,4714.810680907875,2.843325767690251
504,-29.722934038735765,135.56205178552023,0.206195028680689,553.2342256214149,551.6,757.7,0.6734355828220862,6951.295566502459,4275.917241379304,2.8284495073891613
505,-29.719990873241983,135.55966751220393,0.06890339425587469,404.0736292428199,398.7,406.2,0.25465827338129515,6487.070479704805,3972.0219557195546,2.782236162361625
506,-29.72009935205678,135.56039268311014,0.2127853881278542,429.1388698630136,426.8,450.2,0.29791021671826645,6905.3023622047285,4325.476850393706,2.8914803149606274
507,-29.721667530769896,135.5584366429945,0.21524844720497002,396.8089596273292,391.7,402.2,0.8721176470588239,7144.162523191082,4467.014869888471,2.90796654275093
508,-29.72172924283793,135.55914637700292,0.19100890207715127,439.4781899109793,433.5,463.0,6.719822803204806,7095.574034003092,4393.889335394123,2.8736646058732616
509,-29.720465742983365,135.55937821930794,0.1664050279329609,350.4615921787709,349.8,351.8,0.6690050590219228,6828.05273437499,4280.358789062497,2.838287109374999
510,-29.7226432494875,135.55792587980127,0.3737120622568094,344.87957198443587,337.0,345.5,0.14262773722627753,8587.016545012157,5624.9824817518265,2.9559586374695854
511,-29.557608176121732,135.39358753643657,0.004238095238095241,305.99920634920636,283.6,314.25,91.93697368421056,6662.258213686619,4195.123965292365,2.9521184210526323
512,-29.56542287664479,135.39088210244577,0.00478787878787879,216.17742424242422,211.65,272.3,146.11057692307696,6969.318962455727,4480.82824650122,2.827019230769231
513,-29.18857595927977,135.35617103648585,0.0027586206896551726,92.11379310344829,41.0,135.6,3327.6923076923076,5194.948168276886,4002.1822235193376,3.3736843834875834
514,-29.6347528649171,135.89668545211293,0.0024736842105263163,212.0,212.0,217.0,29.700009250642324,6631.61260558464,4137.953461931293,2.8218899254135694
515,-29.674797627757076,135.3359664958645,1.2658227848101267e-05,122.18987341772151,109.0,131.0,83.8229245763996,6948.798811232871,4419.162014719057,2.8140376437100447
516,-29.674610614893552,135.3291610061553,2.777777777777778e-05,112.06944444444444,105.0,160.0,117.72992158310262,7047.239090400166,4539.750030096295,2.8191237613816615
517,-29.66876719049625,135.31054831072757,0.00015384615384615385,118.84615384615384,113.0,187.0,135.7082069715052,7096.300499097197,4599.080821436131,2.8237732689155597
518,-29.65074111117146,135.31045484328604,0.00021978021978021983,104.24725274725274,103.0,112.0,83.81253502870277,6979.006015005285,4448.416623120696,2.805749454618912
519,-29.714562494273828,135.50839537644202,0.00025714285714285715,58.142857142857146,46.0,100.0,111.19060518619881,6983.250321646672,4485.534349092504,2.8171117029278863
520,-29.71467098900009,135.5083911052987,3.4482758620689657e-05,49.172413793103445,44.0,82.0,100.3037074706408,6973.118867901714,4470.221107989122,2.810433942187079
521,-29.712350721980005,135.51381205742794,0.00025490196078431374,75.7843137254902,44.0,91.0,96.3029792662619,6901.31985827439,4389.049356315345,2.8228615524629306
522,-29.715517050669213,135.51385883573678,0.0010615384615384619,128.46923076923076,109.0,134.0,68.04826332101948,6848.485758624654,4327.583942448384,2.818914147177221
523,-29.71156783357168,135.50840696137223,0.00015000000000000001,94.6875,93.0,101.0,65.03719992067272,6885.218524123917,4365.109254141624,2.8065315985745958
524,-29.700490510994893,135.4300061111142,0.002625000000000001,117.77232142857143,112.0,126.0,70.47303372023816,6908.228552542721,4383.43704155404,2.8104534346414924
525,-29.70435571761671,135.43003091827828,0.00038888888888888914,126.35714285714286,110.0,137.0,77.20506696054508,6902.129342453587,4378.669336538704,2.8173785974727386
526,-29.70795035922563,135.43006031400128,0.0005945945945945947,144.75,118.0,228.0,145.36805474851644,7042.288152239893,4560.163816104074,2.8418902233112004
527,-29.699845092957066,135.63138225197022,0.004907216494845362,105.35051546391753,76.0,112.0,76.5384954990077,6810.51147302418,4301.148094950418,2.8238786999293373
528,-29.561895024915472,135.4648735388445,2.0833333333333333e-05,71.15625,70.0,75.0,92.57102607925663,6933.068833114194,4417.737689658086,2.8045602558296467
529,-29.55820245701241,135.46568563012698,0.00041666666666666696,71.15625,64.0,75.0,97.0179285559152,6930.292619937631,4415.541453067457,2.807781907615823
530,-29.554573843866617,135.4665129460539,0.0001111111111111111,69.92929292929293,34.0,120.0,158.45662972279024,7018.5753543106475,4532.226941452347,2.8339654873071547
531,-29.550692015568398,135.46728156698623,0.00014285714285714287,54.3,37.0,90.0,137.0632465537583,7007.007061099128,4512.365998777144,2.819283607165991
532,-29.694986657497424,135.38792686480696,0.00102970297029703,120.05940594059406,120.0,125.0,66.34500267689145,6921.993813843321,4392.172154815842,2.8063996345678652
533,-29.698595576352574,135.38016754004113,0.00018999999999999998,120.0,117.0,126.0,69.0952143497525,6926.140631088314,4396.313005180044,2.8080647710983593
534,-29.704645241247245,135.41441964628535,0.0002553191489361702,115.97872340425532,109.0,121.0,68.91564619730161,6908.656006471105,4380.776291394068,2.8099165763788942
535,-29.701251479415852,135.41426506402368,0.0008472222222222227,149.75,122.0,170.0,89.80053857907114,6908.837201464885,4389.535599707548,2.827712832894941
536,-29.7046316455455,135.40188400779635,0.00048148148148148155,87.0,77.0,98.0,82.98675019466646,6946.399439497687,4422.456719041173,2.810088008963261
537,-29.701354423724126,135.40179465045344,0.0003214285714285715,152.1392857142857,152.0,154.0,55.238566021502265,6885.644071381095,4353.317191318978,2.808794976352032
538,-29.697892216232052,135.4015119339159,7.500000000000001e-05,59.8625,50.0,80.0,97.85978148159666,6986.414233570082,4469.2295104026725,2.8097387296425658
539,-29.676494400466822,135.36764834477935,0.0003272727272727273,119.86363636363636,112.0,121.0,71.94664291467961,6921.51420859768,4389.478715921339,2.809546569374597
540,-29.685817369714524,135.36898744450056,0.00040625000000000004,95.109375,93.0,96.0,71.60414553887676,6939.440592519513,4407.602298019125,2.8040565254275527
541,-29.68090397651392,135.35241512145691,0.0011041666666666671,78.0,73.0,96.0,94.16539295455368,6995.545512225712,4473.522097445377,2.8079274968155996
542,-29.682901615937904,135.34727036212627,0.0005348837209302327,70.47674418604652,44.0,83.0,104.77952012179958,6981.004273898856,4456.774935411988,2.8171821669973305
543,-29.728048458231722,135.59559222827914,0.013333333333333338,211.9777777777778,201.0,215.0,36.651490118503716,6749.18040544293,4228.150235636131,2.8224973979337658
544,-29.74326256575068,135.93074094955242,0.00025,222.0,206.0,238.0,29.624537655643508,6613.602940129742,4123.044881455371,2.8331410794825964
545,-29.747107716839448,135.89664944780372,0.003555555555555555,211.98888888888888,207.0,216.0,14.8541955375822,6614.709559537285,4114.474490304217,2.8230675424932032
546,-29.752063818247727,135.89772776255228,0.0008,195.98,191.0,197.0,14.64961781785314,6618.483451977234,4116.98246878636,2.82081248998075
547,-29.756131558222087,135.8967297683709,0.0,210.96428571428572,210.0,211.0,7.448769426157014,6607.6959945788985,4104.470969244334,2.8197929713496115
548,-29.745218282005506,135.9090422460301,0.005403508771929825,282.4736842105263,282.0,285.0,-4.448169755483832,6558.484122273188,4055.162555732926,2.8270680372401746
549,-29.770673979910146,135.88134332038945,0.00012,271.9,269.0,276.0,-1.6821002641954692,6578.2011163468305,4072.88557290909,2.8271140862973456
550,-29.72797299170557,135.61213568080169,0.007931034482758621,195.9655172413793,193.0,197.0,32.078844631152606,6752.4407463765165,4231.6744558989685,2.816494018608111
551,-29.456370867136425,135.65891425111602,0.0009166666666666668,106.95833333333333,88.0,123.0,113.77235027602728,6849.140043753305,4360.113641456868,2.8237640957974195
552,-29.457859241155628,135.63113199791422,0.0011951219512195126,162.0,159.0,192.0,105.7750243664741,6860.8351572987485,4374.574182605069,2.8234324142865135
553,-29.71312998619177,135.6017072023587,0.0029411764705882353,183.98529411764707,181.0,186.0,38.29185870883339,6769.530473256498,4249.863705668833,2.815647942217333
554,-29.670109262559823,135.63451973091335,0.0007272727272727273,131.97727272727272,129.0,134.0,53.962364297427484,6795.962288212137,4283.270908108088,2.8116719791557956
555,-29.730563055717692,135.80292606430405,0.0018653846153846158,247.98076923076923,237.0,273.0,37.78782929118461,6677.103334551393,4181.873130727394,2.833624209968365
556,-29.747783393919768,135.62156375508536,0.013555555555555559,188.9777777777778,183.0,193.0,34.67308889092783,6755.8282756744375,4236.8724844885455,2.818058209451571
557,-29.18046384658873,135.3520291123165,0.0006451612903225806,104.48387096774194,83.0,109.0,118.77173913043478,7017.77437399203,4498.38251938852,2.8137859063423654
558,-29.294121674319292,135.40644191057208,0.0005500000000000002,59.99166666666667,40.0,74.0,160.52173794806004,7010.56354600564,4513.282973374473,2.818095594262463
559,-29.71938522807377,135.57568384849876,154.76981593406612,488.9291208791209,476.3,506.6,15.041247960848285,602.4934747145182,409.8800489396416,3.1506769983686778
560,-29.5049339672782,135.62151926035256,0.0003877551020408164,49.0,22.0,50.0,111.97975415755718,6865.0906661198205,4364.891939936344,2.8180311189985994
561,-29.516801134151482,135.60405050308702,0.00016326530612244898,85.48979591836735,52.5,170.0,183.02948831941285,7025.447072137995,4570.126524923831,2.844199035339873
