,latitude,longitude,Cu,Mid_Depth,DepthFrom,DepthTo,MagSus,MassInAir,MassInWater,SGFinal
0,-29.604030434516698,135.6209693662447,200.1509433962264,148.5,143.0,152.0,52.74928989156615,6568.363849720583,4154.026062496458,2.8350799286500816
1,-29.25548086069217,135.42474300001248,21.760563380281692,140.5,50.0,176.0,415.2253717214371,7414.684285222553,5054.197916096513,2.8985590650665927
2,-29.359961665868806,135.62772521640713,24.984375,155.0,120.0,187.0,290.4430042196691,6918.049843592475,4601.375233555824,2.8721584655034365
3,-29.451054867847844,135.58146982060444,10.885416666666666,118.0,117.0,122.0,158.20755698930952,6830.0979077550655,4445.820026289155,2.8329281272554976
4,-29.281877291578738,135.62148232129607,70.05555555555556,117.0,102.0,122.0,703.9795918367347,6664.029748514469,4520.160822739752,2.925856334276858
5,-29.73900583063809,135.63226430818426,898.3423913043479,169.0,102.0,198.0,19.509999999999998,6058.548753084018,3798.176694037902,2.9050179815185073
6,-29.73846436562918,135.63226091180832,616.6176470588235,134.0,74.0,168.0,46.17372179931044,6275.237561972695,3949.3737970768707,2.8905344063549014
7,-29.42995422959927,135.54516273539292,7.042857142857143,96.14285714285714,81.0,126.0,224.74518872072076,6958.212752015555,4613.4580950137315,2.8521756825302127
8,-29.351768105866647,135.64261243372505,22.24137931034483,109.0,107.0,127.0,2184.1935483870966,6167.2844100413495,4408.7649098037655,3.1582800397450055
9,-29.71830195697897,135.57720369885328,909.179104477612,166.21641791044777,162.0,200.0,34.42737058894636,6007.976996254896,3821.668513322722,2.885501469284062
10,-29.74128348956178,135.66111002505852,52.310344827586206,144.3793103448276,101.0,188.0,37.32061439367317,6734.45394563974,4222.625746882586,2.850599693839408
11,-29.740673619526692,135.6364009124245,111.41666666666667,154.58333333333334,92.0,166.0,0.7242509868847264,6718.907284607296,4147.357325427765,2.845818047667098
12,-29.748465487185697,135.63188929506322,30.615384615384617,156.98076923076923,114.0,162.0,-28.90948266083069,6747.35168572807,4144.9748328135975,2.8277960847912076
13,-29.73900806656089,135.62800381280508,557.7692307692307,196.35384615384615,78.0,210.5,52.36724171934475,6478.867359540884,4006.041917271723,2.9009046286610483
14,-29.716643255429396,135.57470255775897,963.4950495049505,159.50074257425743,158.95,161.71,776.9879411764706,5655.835293999982,3657.5969816232464,2.9972308993041175
15,-29.60404742726853,135.70771799215248,93.75,188.03125,184.0,204.0,67.55882824160653,6567.633108759655,4139.2304602460645,2.8366272702986937
16,-29.65624630451523,135.75044605244494,26.0,97.7,85.0,112.0,25.77958401964497,6487.031195605596,4057.5109159048807,2.8329643323052345
17,-29.6998589699225,135.7776459095683,3.85,140.975,93.0,153.0,13.045128913574445,6552.703813663451,4035.134479084998,2.8422725320453415
18,-29.588017950238513,135.62913179079652,15.933333333333334,118.9,74.0,161.0,146.3727754973952,6855.974007529207,4424.398797561851,2.860731952519864
19,-29.51674754802273,135.6039263641652,5.318181818181818,109.98863636363636,86.0,175.0,222.11319602623917,6917.82665859945,4578.066958153831,2.867822146433864
20,-29.4492786259408,135.63446107565395,14.0,96.125,92.0,104.0,164.5377208137652,6734.6988787595255,4386.8258710218215,2.839025399833452
21,-29.103428462557396,135.3692377093911,34.666666666666664,86.88888888888889,60.0,112.0,468.6823212638301,7352.496760452414,5145.919278087953,2.878821713719877
22,-29.674861572973576,135.54182832755922,7.0,57.75,56.0,59.0,-8.331343067602575,6774.702578436256,4268.729037781071,2.8104499070498257
23,-29.66403198355078,135.54177028182673,13.4,87.4,82.0,94.0,11.749109075648448,6811.97226569934,4302.621090628847,2.815771383952929
24,-29.658165948509716,135.5417388536203,23.666666666666668,44.833333333333336,44.0,47.0,4.44491246965481,6754.785536318879,4275.392603240973,2.813277867759213
25,-29.650043737519074,135.5416953529872,16.666666666666668,52.5,52.0,55.0,10.818953418918682,6769.812269139882,4288.985283200447,2.813472066605751
26,-29.64643386275259,135.54167602509102,18.5,54.0,52.0,56.0,13.672056783259904,6772.985588766685,4292.006540475879,2.8143023832321368
27,-29.64375995762537,135.53339660672398,14.0,35.75,0.0,36.0,33.73869820823165,6848.507320693738,4341.190055128827,2.827730197345249
28,-29.65639453294847,135.53346322834628,22.5,64.75,61.0,70.0,13.687464988877764,6797.063692312462,4305.8744558043545,2.815585512045508
29,-29.66559822405055,135.48701043185156,28.0,141.75,0.0,143.0,93.37038145873521,7219.519588072661,4528.753848437322,2.8697554490119104
30,-29.647548717590823,135.4869235248584,37.5,52.0,52.0,54.0,14.321235699815588,6841.595360324631,4351.721195466802,2.8123514071909517
31,-29.64078013993037,135.48689095512498,79.0,80.2,70.0,90.0,40.183237413686584,6862.099470023932,4378.569263430822,2.823745932224935
32,-29.690968917928327,135.45870801153384,53.0,84.0,82.0,86.0,-12.970688266188517,6888.871099826931,4348.035716834107,2.808838633996141
33,-29.64223512440419,135.4584869425613,35.0,110.5,110.0,111.0,19.63252484516488,6937.230953943508,4402.6331434487,2.8103219018508865
34,-29.61967306104587,135.4583847796611,35.0,55.025,55.0,56.08,34.317921325022326,6902.489464593782,4415.744099764786,2.8129982044545203
35,-29.63093615080646,135.46360083179047,27.5,73.5,70.0,76.0,31.068675359736517,6920.810021412923,4414.161559910448,2.8137126089202678
36,-29.62281380889113,135.46356364643378,11.0,72.5,72.0,73.0,31.461716556103056,6928.36995833728,4420.536870016083,2.8110464555955534
37,-29.651351789280056,135.43114784949853,6.0,68.5,68.0,69.0,12.00891239187331,6974.841282041278,4438.91272186915,2.80681636277099
38,-29.614801122312226,135.43099221158462,93.33333333333333,26.833333333333332,26.0,29.0,41.35804047611964,6878.456601826816,4425.60997665867,2.817447877917191
39,-29.621118536002946,135.43101909145798,15.5,31.55,0.0,32.0,52.18843807674057,7015.697577335093,4494.748209107747,2.823896580372516
40,-29.619751318689552,135.43514487827915,20.0,22.5,22.0,23.0,33.1067608806261,6930.742797126455,4448.117448563666,2.8112611695213188
41,-29.669838081728397,135.55626904652766,23.714285714285715,77.35714285714286,60.0,92.0,27.237209432860254,6807.33178181963,4310.788734375397,2.8257998544154015
42,-29.666228226580486,135.55624918271968,16.25,67.8125,55.0,78.5,20.068592584073485,6791.876723215006,4298.29097845943,2.821798373742565
43,-29.664379532749837,135.56657247684402,5.666666666666667,76.33333333333333,68.0,82.0,10.156862454328802,6773.498706856095,4271.700331370434,2.817172270346252
44,-29.70134923725285,135.5740159113766,15.0,86.5,84.0,87.0,-28.342470965682878,6726.332360225148,4199.311890792349,2.8096163285614626
45,-29.725332771912345,135.6093072679106,10.0,102.2,102.0,102.4,-48.66558646177873,6669.695249463155,4130.43389823685,2.8073013585363755
46,-29.72058538923132,135.6113464244583,17.5,91.75,90.0,93.0,-42.923908028195,6658.016942269409,4131.639625190852,2.809621636434179
47,-29.72406405789307,135.6201561043523,31.5,101.75,92.0,110.0,-28.812170777233405,6665.44901323731,4143.017914669734,2.8174417069079634
48,-29.636718989999697,135.48687141862104,127.86111111111111,93.06361111111111,92.05,94.41,25.140825013913854,6794.538561818386,4320.077353024375,2.819156313258212
49,-29.69500286953032,135.4587573450471,1299.3956043956043,111.47346153846154,111.4,113.3,7.791725693681656,5752.428973504895,3677.135901403286,2.89210992209046
50,-29.643680678421784,135.43111516095757,487.27272727272725,89.21590909090908,87.65,90.5,29.62682161880366,6552.347244559853,4195.51001264259,2.8408931620730025
51,-29.69613991477957,135.45878318448356,1257.4705882352941,120.0006862745098,108.1,131.6,29.741158158485632,5838.858238492219,3745.970893556805,2.899001778748149
52,-29.70811765734055,135.57405440337456,10.777777777777779,87.25333333333334,84.7,93.32,-24.290903197943408,6737.59396712212,4213.066581590254,2.8114980345495058
53,-29.601208504929858,135.70529200923997,639.2,164.99899999999997,163.86,168.1,56.773543980882096,6023.873983091267,3803.6594069565253,2.866519467193293
54,-29.44110044907765,135.6570937257172,7.413793103448276,69.45931034482759,56.0,71.25,164.36644453017288,6695.319160947853,4355.070948258668,2.841541727770009
55,-29.340294174774915,135.58640241563072,46.0,38.5,38.0,39.0,229.61963541875593,6759.632632012275,4500.422035209893,2.8443697168062583
56,-29.34570919380938,135.58643341424926,12.0,77.5,62.0,79.0,237.73496829176656,6853.244832511133,4542.14509113285,2.8481110633447146
57,-29.352396752045802,135.58441134872984,7.0,56.5,50.0,59.0,227.95156799214237,6824.957747820161,4529.482075337757,2.8439277935148635
58,-29.350212634416327,135.5885195172418,6.0,43.75,43.0,44.0,221.54649967206205,6793.770955934902,4509.982810392692,2.840772662313043
59,-29.35292013942973,135.58853507773821,24.5,55.75,52.0,59.0,227.16146975503943,6796.320135033326,4512.886804408758,2.844442196741875
60,-29.352360397732447,135.59265257841977,6.0,54.5,52.0,55.0,221.75355771428804,6798.506720426267,4507.226318377543,2.841517877408213
61,-29.3403479162947,135.57404200785692,15.0,37.15,37.0,37.3,228.69214145980732,6806.755940113864,4531.877114596908,2.841424620643831
62,-29.348796447824267,135.51640107953602,160.5,65.875,54.0,74.0,249.39268041658215,6827.191661229037,4568.562946880222,2.856841602727497
63,-29.35144929905665,135.50714285997236,5.75,39.125,32.0,42.0,232.35418510865566,6945.516915228232,4634.13234643951,2.841312441453402
64,-29.35146877842257,135.50199206537994,79.33333333333333,41.833333333333336,36.0,47.0,236.97153580527447,6889.219092514606,4607.779283435986,2.8466550183800363
65,-29.346443534443626,135.49424147303586,36.333333333333336,44.5,40.0,48.0,236.69724268258142,6940.1937247596725,4639.593796339737,2.8424259413671695
66,-29.308032386739487,135.53164185119098,24.0,45.5,40.0,46.0,258.41536538008586,6899.704732648868,4624.354476156499,2.845547694125689
67,-29.215203984106584,135.3552342726951,90.5,40.0,30.0,50.0,352.61783967871816,7188.942170920585,4950.304770663461,2.8577060356702555
68,-29.20220400300977,135.32072820245278,80.66666666666667,35.833333333333336,30.0,41.0,352.77093943273576,7240.631143108185,4993.161275765677,2.8526074823043897
69,-29.185749722181026,135.29342092815,45.0,29.75,28.0,31.0,356.05488016104573,7305.425303492018,5046.179848926848,2.8468749399951947
70,-29.187376580154854,135.2923970100154,55.0,34.833333333333336,28.0,36.0,358.4107590768035,7312.159378510027,5047.575266967193,2.8494585061075544
71,-29.692802241275125,135.45044717017842,58.0,92.25,80.0,94.5,-6.5980336843349505,6926.563081220163,4369.709396118131,2.8131136721748957
72,-29.69555978561653,135.43547118147774,36.0,89.5,89.0,91.0,-17.120513206817122,6942.371268288152,4381.602732036779,2.805339754996776
73,-29.68924244664214,135.4354439418803,17.0,108.8,101.0,109.2,-9.284721912183159,6991.005896271519,4406.824435829265,2.8070067693489404
74,-29.679766426834,135.4354030987468,21.0,136.95,92.0,153.0,47.54294559084883,7118.372930085614,4514.950444807007,2.831580483161453
75,-29.68374553753826,135.45970876305483,40.5,77.75,75.0,81.0,-5.7950584977152175,6900.082317518718,4364.132385028315,2.809687817005991
76,-29.68443756150491,135.45531928111959,17.0,130.5,130.0,131.0,-10.291162403107592,6960.049413443907,4379.722552161678,2.804957799801699
77,-29.690935468450483,135.4682689027388,40.0,79.5,78.0,82.0,-13.315753873710491,6881.0314917467185,4342.340266976884,2.8084391741380976
78,-29.375027341273714,135.52477674167125,148.2,52.25,46.0,58.0,221.8727356685049,6788.88011502719,4521.792048714538,2.8505416500528833
79,-29.370334296510574,135.5247526715018,7.0,50.5,50.0,51.0,210.36756597360727,6898.617165912234,4577.843364642307,2.836292675209471
80,-29.366724259816213,135.52473415987268,34.333333333333336,45.916666666666664,42.0,48.0,218.03989402077787,6881.11769366129,4575.150473640038,2.8407802278120204
81,-29.36176045615121,135.5247087118988,11.0,38.0,38.0,40.0,218.2439830756739,6889.710586918176,4585.93099976729,2.837994023878506
82,-29.349141441526108,135.52052343361083,18.5,44.0,39.0,50.0,237.555281831912,6916.148615908634,4619.685729189601,2.843536005261196
83,-29.353218760264483,135.5164233803142,11.0,73.0,68.0,74.0,227.75619417975395,6942.698938859416,4614.456370448082,2.8397027969096653
84,-29.347262175472327,135.51639334369656,32.0,55.625,48.0,61.0,240.48401923338315,6924.890972024368,4623.116141434344,2.8451478207978784
85,-29.34420158613521,135.51431770550948,230.0,68.5,68.5,69.0,234.4450834459858,6731.8871617910845,4499.795969324252,2.85297930927141
86,-29.345127779374607,135.50814167274947,11.0,47.85,38.0,49.7,237.4105276524133,6952.092350243394,4637.657174248219,2.8428531442284877
87,-29.33968901478993,135.51429505078517,35.0,46.0,42.0,50.0,241.21216388564062,6910.771410782712,4620.981560757362,2.8438040732274605
88,-29.21718231891769,135.42005804016318,12.0,49.875,48.0,51.0,327.7354054380303,7126.848586046617,4866.4084844105455,2.8469123698919745
89,-29.224826406496625,135.39961381461728,10.0,115.175,0.0,116.0,397.06907266602866,7456.263203542221,5038.873105700797,2.893138459207864
90,-29.224820552673112,135.40156873207198,16.25,31.125,0.0,38.0,350.17351411379786,7210.023374837052,4933.128058450762,2.861367965169749
91,-29.23713655226597,135.41756688814547,93.5,45.25,42.0,47.0,316.68292842616574,7049.3587644925865,4809.829881195059,2.8515095161964115
92,-29.245686358352305,135.4253200189418,25.75,47.875,42.0,53.0,316.0516938707515,7109.1358802745235,4842.079206239461,2.8492313426365907
93,-29.350122384230147,135.58851899859525,6.823529411764706,51.05823529411765,43.7,60.28,240.56179190792682,6827.5957798589225,4547.832191119327,2.848053632121646
94,-29.215019440350947,135.41902040075678,811.6984126984127,83.19984126984129,80.85,89.79,355.2372429646093,6425.958535988575,4464.682921415959,2.9040604469813935
95,-29.219699713308138,135.42315490009221,286.22222222222223,67.32037037037037,67.18,67.89,329.781051241931,6876.101016579247,4711.814827296068,2.864276689003548
96,-29.68221561498745,135.44523227135318,1005.8214285714286,115.90375000000002,105.8,130.3,38.75312900127028,6096.524852266593,3918.606524748335,2.883213122306201
97,-29.68739614780777,135.4478390824207,1067.906976744186,104.49069767441861,97.9,125.6,44.215706123854034,6027.523467722422,3891.929214524316,2.889020494826566
98,-29.684679960288182,135.45041094912838,1051.698113207547,108.49943396226415,106.0,109.1,10.287762082713016,5999.910896224319,3829.751385709402,2.876294731962974
99,-29.694842740908538,135.46068957404123,1244.8724489795918,201.72173469387755,176.9,203.1,25.365883952603326,5921.819486685978,3749.1537196514328,2.897975504864177
100,-29.697020139963165,135.45739170380372,369.62666666666667,189.50026666666668,183.0,192.9,-1.8250419064352172,6689.418266426619,4202.799329140311,2.8313170265112664
101,-29.700676495999762,135.46991635291664,1057.7169811320755,96.37735849056604,87.42,100.0,-119.3221602573758,5117.433333333333,3256.133333333333,2.6865
102,-29.69155086676333,135.46005437745242,717.6666666666666,100.98638888888887,100.6,106.6,4.868481086781685,6287.697000313536,4001.5327519098864,2.855003286534039
103,-29.348796447824267,135.51640107953602,96.37931034482759,87.12189655172413,86.0,89.6,233.0933683639887,6870.180149091684,4575.311444117033,2.8448281132303093
104,-29.215283744133462,135.42107911471894,47.46666666666667,78.21666666666665,78.1,79.8,330.50978100399516,7111.664995269464,4852.105947821612,2.8487147524774405
105,-29.215657167700144,135.41711967290271,83.75,53.3875,48.0,55.5,334.314367530209,7077.9704635291855,4841.462802230511,2.8537736681929537
106,-29.42490722462127,135.53224933980684,11.333333333333334,48.0,30.0,54.0,190.50671697194048,6908.260422655301,4552.078003305971,2.8422766019432166
107,-29.42400472412006,135.53224463501138,17.166666666666668,54.375,32.0,56.0,187.25651373284927,6910.461815683157,4542.3687015110045,2.842399941943543
108,-29.421338006290107,135.52192192947777,420.0,48.25,48.0,48.5,180.9355214779789,6501.625124569713,4309.7216610312535,2.859487443623809
109,-29.466931144762487,135.51782360195463,7.666666666666667,28.333333333333332,21.0,32.0,149.37428911790994,6879.522769703377,4509.115459603214,2.8320987598222693
110,-29.467842849425054,135.5154561256488,6.333333333333333,43.68333333333334,28.0,48.0,155.75331589702546,6915.401897761156,4527.30161302066,2.8355804830378823
111,-29.69826637676193,135.4623591170274,536.1666666666666,87.75,87.0,93.0,-4.483874409630516,6439.241484961065,4086.3533184464322,2.842257051391548
112,-29.70050441529575,135.46753798707877,120.66666666666667,83.5,78.0,86.0,-15.947630932012544,6816.204819080282,4296.550750293398,2.8147170358099736
113,-29.42580972499943,135.53225404481682,10.777777777777779,54.925,52.0,66.3,189.21820373731316,6889.765244600167,4551.229153463304,2.8382663304367717
114,-29.417645641259426,135.5425199140646,16.076923076923077,44.48269230769232,37.4,51.3,189.64443169966762,6863.953444689243,4531.082961706612,2.8394305346715303
115,-29.692764893311534,135.4613002821257,149.0,70.875,68.0,71.0,-15.522447898889368,6783.968962274841,4284.070766069104,2.81490383877303
116,-29.690959945566426,135.46129203777116,23.0,70.0,68.0,72.0,-14.22117268911461,6901.4958042982325,4358.187702249896,2.807052648515352
117,-29.68915499732707,135.46128379416672,15.3,83.95,83.0,85.0,-14.699802496746997,6916.11316243124,4362.1782708405735,2.8056217996408663
118,-29.687350048593483,135.46127555131238,26.5,71.75,71.0,74.0,-11.861941247843788,6898.56298677071,4359.343413959221,2.8071828887038106
119,-29.690995532623905,135.450955925855,97.16666666666667,84.08333333333333,80.0,90.0,-4.158965184713452,6872.102693458633,4349.8938060161745,2.814354319329076
120,-29.68919058179215,135.4509478669485,413.9,100.1,100.0,101.0,-6.6967145206763234,6575.5657473234605,4163.486227895293,2.8317048203641093
121,-29.68738563046624,135.4509398087753,319.5,103.75,102.0,107.0,-2.2368989540991606,6673.623202745453,4226.096905337385,2.82727901936541
122,-29.68558067864621,135.45093175133536,166.33333333333334,84.33333333333333,83.0,86.5,-6.67929153856312,6798.215894943227,4302.6181854686,2.8165023410023453
123,-29.69282837404829,135.44269493496896,180.66666666666666,98.05555555555556,92.0,104.0,-1.6468914339311596,6823.312659077899,4319.470183604892,2.8202412234007594
124,-29.691023421678967,135.44268702310197,15.0,83.0,83.0,86.0,-12.729047837325197,6947.521528726298,4390.516932310609,2.8052191217466707
125,-29.689218468815586,135.44267911195487,11.5,100.0,99.0,102.0,-11.784527426796558,6964.967871933797,4395.17518275715,2.804899379478357
126,-29.687413515458125,135.44267120152765,321.5,92.16666666666667,90.0,96.0,-1.1119507110524864,6678.69654952352,4236.482036678077,2.827654335219007
127,-29.69869947126007,135.46752962862644,265.8333333333333,76.58333333333333,74.0,79.0,-14.099130466496717,6670.942193409224,4215.277705874658,2.8235358414085376
128,-29.696894526730013,135.46752127093455,25.285714285714285,95.89285714285714,94.0,101.0,-12.769596711987106,6911.505529892704,4357.2708724683325,2.808160999474122
129,-29.69508958170557,135.4675129140031,14.75,84.0,81.0,87.0,-14.836821797198354,6911.731884326735,4357.19194755987,2.8071613220171496
130,-29.692338653396824,135.45406284759548,12.625,84.25,84.0,87.0,-14.426323009283806,6931.155907582353,4374.928243730836,2.8053884046862034
131,-29.694143602592177,135.4540709632037,160.5,84.0,84.0,87.0,-12.641105984581372,6793.569552995577,4294.278954184832,2.81531034949849
132,-29.69594855129333,135.4540790795503,406.42857142857144,86.21428571428571,81.0,87.0,-9.366288683970197,6575.138773442151,4160.336586474572,2.8330087699429116
133,-29.69100605149795,135.44785508868605,397.3333333333333,83.0,83.0,88.0,-2.3389464774008957,6588.811676454534,4184.787527166256,2.8324532562966622
134,-29.689201099899922,135.44784708518924,488.3333333333333,100.08333333333333,97.0,106.0,4.842726387323637,6526.6551201530165,4147.466175155234,2.8404116440478444
135,-29.68515732306653,135.4426613145057,14.0,91.875,88.0,99.0,0.9526420544898428,6972.43620210221,4416.277547511789,2.8092981052769357
136,-29.690533703707253,135.45405473272572,448.8,81.9,76.0,82.0,-5.473518887582031,6534.9576597223495,4140.704912299392,2.836378775897529
137,-29.695937885135198,135.45718006580984,468.6666666666667,115.95833333333333,97.0,119.0,5.2499762126099085,6568.734213743584,4152.291831078692,2.844097187105533
138,-29.695035411234866,135.45717597983193,593.3,57.6875,48.0,73.0,19.853960732591077,6409.048870893035,4103.755800697232,2.855368870556826
139,-29.69413293721096,135.4571718940399,577.2272727272727,72.67045454545455,47.0,81.0,19.687261331720947,6459.05957535014,4113.376811567316,2.8576113470394806
140,-29.693230463063497,135.45716780843375,248.45,119.975,117.0,120.0,-11.87919993196192,6736.601295592838,4244.302182038096,2.820937065765394
141,-29.69232798879248,135.45716372301348,530.7142857142857,100.75,100.0,102.0,-5.983533958416956,6458.548123516026,4091.4579841117447,2.8400814374264103
142,-29.691425514397906,135.45715963777909,288.8,83.9,83.0,85.0,-10.827623598495848,6669.5372106175855,4218.880739069362,2.8238631752940044
143,-29.69052303987978,135.4571555527305,34.45454545454545,86.0909090909091,85.0,92.0,-7.133997025059216,6914.767710282118,4372.260317045184,2.8090772491198734
144,-29.68826685304391,135.4571453409222,15.727272727272727,97.86363636363636,91.0,102.0,-4.585071436347789,6951.543674308945,4388.050180240876,2.8094861577396957
145,-29.69548664820048,135.45717802279765,1162.1052631578948,117.92105263157895,111.0,130.0,25.973713590177795,5918.271616674479,3794.9274134353254,2.890619496305918
146,-29.695979437303706,135.45821393229076,1863.75,105.6875,102.0,107.0,19.24412738027604,5234.169743552848,3375.88895263389,2.931771456703145
147,-29.69629172345769,135.45924903088743,1064.8666666666666,110.0,104.0,114.0,9.506583251233678,5983.122124346977,3815.1496455424713,2.8796949188109804
148,-29.69669424877459,135.46028454718007,805.7142857142857,93.78571428571429,88.0,96.0,0.4994893748771574,6204.869701616131,3943.59843375958,2.861254984438946
149,-29.69434422218305,135.46130749655134,467.0,85.15384615384616,83.0,88.0,-6.02248709025298,6503.416100312752,4122.231133617577,2.83729657252227
150,-29.69524669565401,135.46131161933818,752.0714285714286,92.0,88.0,94.0,-1.0850007955559704,6247.59826986539,3969.169456387077,2.856921465794204
151,-29.69614916900138,135.46131574231256,720.65,103.925,102.0,104.0,-6.2821232030582905,6277.816359068413,3978.533543972633,2.8527295855646173
152,-29.697006518566926,135.46131965931198,577.875,99.8125,95.0,100.0,-7.8134943393706635,6412.7300493070725,4057.5448346619232,2.8442758468583222
153,-29.66996848867899,135.39402427857272,1690.304347826087,114.0,109.0,115.0,38.22413447613144,5520.423828000457,3582.4831796003564,2.9199272217262737
154,-29.6716832095695,135.39403096290698,1165.75,103.96875,103.0,107.0,27.161865714355372,5991.327554635682,3862.0650234201894,2.8834483919985114
155,-29.666087802913808,135.39400915300266,27.3125,111.90625,102.0,117.0,18.52413256935324,7073.96701161762,4497.484113777507,2.811249714903739
156,-29.66518531752524,135.3940056358524,18.0,94.0,86.0,104.0,24.97083385896258,7072.999413964128,4513.524996669985,2.8124977331715995
157,-29.673307681581267,135.39403729596728,19.153846153846153,110.15384615384616,94.0,135.0,48.84852856456928,7123.340894867906,4565.57842688528,2.8225501083115256
158,-29.67276619095509,135.39403518488956,74.0909090909091,102.04545454545455,90.0,123.0,41.10268241558879,7051.300697014078,4517.632507636132,2.8227248861318586
159,-29.69997384204288,135.4644343741047,32.857142857142854,75.92857142857143,75.0,77.0,-22.626210292273754,6884.696042345393,4336.784300186606,2.80606140238732
160,-29.699071369615368,135.4644302226153,95.5,69.75,46.0,70.0,-7.861855748207745,6870.633473822847,4328.629860627618,2.8198810519819455
161,-29.69816889706428,135.4644260713147,583.0,79.25,45.0,80.0,10.054727068276406,6451.443658816592,4084.186196844952,2.8578088847678256
162,-29.6972664243896,135.46442192020302,324.75,72.0,72.0,73.0,-15.890249988220603,6610.815673748613,4180.67163939694,2.825777882692867
163,-29.69636395159132,135.46441776928012,260.0,74.0,72.0,75.0,-15.139664268783235,6676.834195137337,4219.123435490772,2.8222912710884787
164,-29.696371183475183,135.46235043867182,660.8333333333334,80.0,78.0,86.0,0.9848864010564284,6322.7181750856835,4023.8579189983648,2.851903242355732
165,-29.69727365653684,135.4623545711187,436.5,75.75,39.0,76.0,8.603602574865363,6592.535664735515,4167.3380773823155,2.8486949933253665
166,-29.69907860228941,135.46236283657646,57.333333333333336,74.83333333333333,74.0,77.0,-19.754130771267228,6866.621564474779,4330.491970350922,2.8082344501833356
167,-29.700861751142,135.46857336950666,14.5,66.25,44.0,67.0,-11.19245274793866,6932.734123105947,4363.921618525026,2.8140205198093753
168,-29.69995927936841,135.4685691808697,37.5,72.5,42.0,73.0,-5.0150160894409055,6934.1062909644315,4362.98701420748,2.8190268044841726
169,-29.703539648875818,135.4768558366055,3.0,69.5,38.0,70.0,-8.12600013397605,6950.63565976698,4367.615904409577,2.8171668475745544
170,-29.699056807471234,135.4685649924233,0.0,63.5,43.0,64.0,-11.789791770803276,6940.448551404261,4369.984026346552,2.8123475058486935
171,-29.67756678979947,135.41782425417583,0.0,82.5,82.0,83.0,-5.909988022547623,7004.606672163136,4437.488279709607,2.803342549302489
172,-29.669486121567306,135.40435651183006,14.6,122.0,112.0,132.0,23.727224023703457,7083.0032924185725,4504.707796289273,2.812882739895846
173,-29.674901021689628,135.4043781753544,6.0,81.25,53.0,82.0,14.682687961256306,7082.401290866801,4489.953842282739,2.8154999960244744
174,-29.67219357218375,135.4043673428529,17.0,66.25,52.0,67.0,7.372863655746187,7031.275655161939,4466.636451187791,2.8106257993923336
175,-29.674913570995745,135.40024435897942,18.0,75.25,50.0,76.0,12.945933352679276,7067.1713089971745,4484.29306621779,2.8149137699441344
176,-29.674932153193282,135.39404362954636,31.8,101.9,96.0,104.0,4.44889277522816,7045.480572907021,4470.248964722552,2.807657054535663
177,-29.67405999353787,135.3837056412874,14.0,86.25,49.0,88.0,23.88449176004724,7135.20470452353,4529.583829129922,2.8195656881001665
178,-29.671352536944212,135.38369536290463,20.0,76.25,49.0,78.0,19.215549073313014,7101.2198567572705,4514.7948002419,2.8160197311901016
179,-29.668645079240363,135.38368508592492,19.0,76.25,47.0,78.0,22.423014144842455,7107.435215541642,4520.416779065476,2.8170552019060877
180,-29.66052269946825,135.38365426340238,13.5,74.25,54.0,76.0,22.404349380070926,7094.27566199236,4519.660757042846,2.8135593452556993
181,-29.66233957214809,135.37952779925948,17.5,94.875,91.0,102.0,20.452379818791087,7085.9113548522,4521.868420790808,2.8089005277991355
182,-29.66414454666813,135.37953457445934,8.0,79.25,78.0,81.0,8.013957954190118,7067.630676428998,4502.011247518611,2.8044596888476976
183,-29.66775449422827,135.37954812670898,18.0,73.5,48.0,74.0,18.730080730936606,7103.36073302757,4518.2434751205,2.8146885862383666
184,-29.6695594672683,135.37955490375893,14.0,76.25,52.0,77.0,17.067578498386865,7106.2251349795115,4518.389193332798,2.8138117498286985
185,-29.656933483021398,135.37640765734344,18.5,73.25,55.0,74.0,22.50008982957661,7096.383402828396,4524.321750365227,2.812571571244127
186,-29.662748606359898,135.39399614034616,18.2,93.8,88.0,102.0,22.435072143860452,7065.8069755464385,4507.235680021688,2.8108929306106036
187,-29.65913866223981,135.39398207507386,18.5,73.75,49.0,74.0,23.459935003629653,7079.648365925059,4505.072489832368,2.8156559174118625
188,-29.657333689439692,135.39397504339786,16.0,74.25,52.0,75.0,23.957261560724874,7078.356419186675,4506.737196932379,2.8148151282242138
189,-29.658670407648398,135.39966340608666,10.0,71.25,43.0,72.0,26.305918149766512,7084.571287154322,4507.924113391753,2.817138474510025
190,-29.65775382273097,135.4043095944804,19.0,72.25,50.0,73.0,23.171053690508415,7056.461717489248,4490.440014059859,2.8154373878910093
191,-29.660461278159172,135.40432041909764,19.0,76.25,49.0,77.0,24.544059170464607,7069.441152053463,4494.745246727682,2.8173034687223213
192,-29.688403057896966,135.41580186459035,16.0,77.5,51.0,78.0,2.9398221632727655,7042.158171522453,4452.636576903387,2.814609118196045
193,-29.68828105406009,135.4530110062253,25.666666666666668,92.66666666666667,91.0,97.0,-7.406545865440421,6934.381883205802,4381.540836681859,2.8079036794841237
194,-29.687378578592266,135.4530069587626,20.5,76.25,41.0,78.0,9.623595662062144,6995.629819514797,4415.681272627706,2.820970816267105
195,-29.686476103000878,135.45300291148408,23.0,75.25,39.0,76.0,9.308136555118836,6993.415263092727,4413.071955347128,2.8211666079651385
196,-29.68755553563907,135.4540413448048,38.666666666666664,79.0,79.0,84.0,-7.208770161385473,6907.866750840505,4371.521562692804,2.808653704807247
197,-29.686653060201287,135.4540372882559,23.0,57.5,40.0,58.0,-3.8720758753697737,6936.864962543994,4384.310201105021,2.8131895026013893
198,-29.68332800144348,135.44988814684487,21.0,101.0,88.0,102.0,-1.6224255973393156,6971.2497631589795,4397.857888605482,2.81103522502912
199,-29.68334371138725,135.44523724284127,21.5,65.5,33.0,66.0,8.717705459152057,6992.958000030929,4420.167747967127,2.8193841308056147
200,-29.68144850932536,135.44522889090277,12.0,81.25,37.0,82.0,18.39186010135745,7040.405307342087,4445.250205870943,2.8239218885838895
201,-29.69173291611257,135.44641122203788,22.5,78.25,42.0,80.0,7.521302919718437,7007.126049648279,4420.928063447922,2.82084691951091
202,-29.693265730782212,135.44683145823709,7.666666666666667,78.66666666666667,77.0,79.0,-18.088842803063017,6942.490138530964,4379.487761662822,2.804132230029057
203,-29.687353643062266,135.46024197789552,20.5,72.75,46.0,73.0,1.3727447260134795,6959.838279241609,4389.986673987449,2.8169133830681305
204,-29.69280469952716,135.4497236286587,64.0,68.25,43.0,69.0,-1.5875545549315575,6929.636178567482,4374.551871274627,2.818590840532128
205,-29.69834212685664,135.46649427206094,18.5,63.25,47.0,65.0,-11.515362361406005,6919.70736592351,4362.21483612476,2.812378131596621
206,-29.69906410467597,135.4664976078987,93.33333333333333,82.0,74.0,90.0,-5.0043756576378655,6856.937935240698,4334.439603339983,2.8167618178508107
207,-29.69996657683889,135.4665017778666,23.0,67.66666666666667,66.0,72.0,-17.51362911195247,6890.89149663852,4349.190548392631,2.8075000913135435
208,-29.701771520793955,135.4665101183716,92.5,65.5,36.0,66.0,-6.086754278247099,6878.604903928099,4332.036287759838,2.8221635899291346
209,-29.70801436965735,135.48721497487284,111.66666666666667,97.16666666666667,93.0,99.0,-23.798724521144322,6795.222925508679,4266.2953319016815,2.8132098499076466
210,-29.70981930596569,135.4872236885365,739.3333333333334,84.16666666666667,83.0,86.0,-15.403073471534299,6198.190275919653,3921.7000517559063,2.854614395730727
211,-29.711624241779337,135.48723240299287,45.666666666666664,80.5,79.0,83.0,-28.972062882123282,6837.446192506468,4294.119106964237,2.8077513678962136
212,-29.713429177098288,135.48724111824214,26.0,50.25,34.0,52.0,-23.726906356703694,6862.607600628995,4313.491942006418,2.812540459039728
213,-29.71068333381621,135.4975661228381,170.0,93.66666666666667,93.0,95.0,-28.228118445204018,6711.838257383686,4211.922043067156,2.815658644834892
214,-29.666532885818768,135.3960776504867,1093.5,286.99858870967745,286.3,287.0,31.700780871047755,6191.210685187631,3925.2996733800173,2.8755476733626835
215,-29.69431307526029,135.45727607570063,793.2,193.62558139534883,190.0,195.6,4.3680422409997846,6293.7947438302945,3970.8335031287934,2.8583987798725845
216,-29.702426383236666,135.47271560543598,45.2,136.0,135.0,146.0,-7.6913693500100635,6919.210030270653,4355.9249979776,2.810861057073323
217,-29.70075681174837,135.47270778761316,131.42857142857142,103.78571428571429,102.0,104.0,-21.37428289572199,6801.214890022835,4275.223368758023,2.8127006400835297
218,-29.69983951974566,135.47683835898172,14.571428571428571,139.78571428571428,132.0,140.0,-17.901256998593453,6943.158690241318,4347.046421827385,2.807208141910383
219,-29.701644461044367,135.47684688424462,13.2,141.0,131.0,146.0,-10.072631173428817,6957.318320181577,4364.322932836592,2.8102665812070518
220,-29.701673975632524,135.46857713944277,40.93333333333333,93.9,88.0,94.0,-21.574065183045604,6892.654368591058,4331.471791504438,2.80810148029314
221,-29.6989665602747,135.46856457358913,56.4,89.9,89.0,98.0,-9.76350290425762,6878.403397747585,4344.473212234472,2.811256356992204
222,-29.698251879623648,135.46649385508977,72.11111111111111,111.94444444444444,111.0,116.0,-14.451186711241462,6878.0468220973125,4330.521070914685,2.8100853095809404
223,-29.666546431567536,135.62651981261124,133.7704918032787,221.5032786885246,217.1,232.8,20.80330922301073,6665.130232081508,4158.847529730621,2.8278039455749537
224,-29.66442997538157,135.63508342190931,153.94285714285715,110.72000000000001,101.0,113.7,7.869121618663485,6545.8419907450225,4098.914078156617,2.829047764154088
225,-29.65288235115968,135.61506970324447,1184.5729166666667,132.01041666666666,131.2,132.8,28.69929581103861,5624.778540361738,3569.5473649781125,2.89425063020606
226,-29.64604516128531,135.61037894080886,136.64705882352942,145.75294117647059,142.2,146.6,15.991338202133193,6619.832736106786,4150.797364244143,2.824407362178294
227,-29.628140339696817,135.59839179327076,160.83783783783784,74.4972972972973,73.5,74.5,24.09785336393179,6562.308466982053,4152.645862973317,2.8263867421821427
228,-29.62365352773953,135.59268417862802,97.55555555555556,85.70555555555556,84.3,91.2,35.92822476227593,6650.367015513308,4218.656017816989,2.8250255197532335
229,-29.63265358264121,135.59821186520855,1063.7524752475247,175.50544554455445,173.7,177.5,46.063619640892284,5809.281241166609,3689.236997885673,2.8877085089285996
230,-29.635179543493727,135.59843340149263,1159.7777777777778,180.01064814814816,179.9,183.0,46.79055717224401,5720.711368689052,3636.866573679261,2.893743679799811
231,-29.650739368180922,135.6100973019997,291.3611111111111,244.88888888888889,243.9,245.1,16.930058395519154,6545.157620718601,4075.951086153873,2.832048701078512
232,-29.654687263603613,135.61508067891958,950.6818181818181,153.01590909090908,150.0,153.4,24.464264999041916,5860.473208368945,3698.4725264505614,2.8786973201280395
233,-29.57008537099148,135.60188965773264,132.5,60.25,60.0,63.0,3.5999999999999996,6614.372978542,4226.737873268037,2.820727030411888
234,-29.570803835475804,135.60266820990094,143.0,62.0,60.0,67.0,1.595,6613.800206863802,4229.250667062472,2.822241572151078
235,-29.570803835475804,135.60266820990094,65.0,63.0,62.0,68.0,1.7399999999999998,6683.752602998451,4269.96186662274,2.816862889142848
236,-29.504409631953894,135.55435138208813,14.166666666666666,36.0,28.0,48.0,17.13083333333333,6854.266937397653,4453.155620053025,2.8165091855079547
237,-29.50440230961082,135.55610526357552,15.76923076923077,33.0,30.0,44.0,103.42461538461538,6807.0291595803355,4436.109343905075,2.8284847373188695
238,-29.504397991546565,135.55713695826486,23.923076923076923,35.0,28.0,48.0,1.2269230769230768,6844.446339437622,4446.684773830166,2.8146942244213315
239,-29.46832847086887,135.54972019576726,15.8,38.0,30.0,48.0,1.3329999999999997,6882.712684491678,4488.284368848763,2.8125105973355495
240,-29.468323353344736,135.55095779226136,20.384615384615383,39.0,38.0,42.0,245.66,6770.777365799193,4442.172062651807,2.8474333151087885
241,-29.46831779637485,135.55229852143523,49.27272727272727,35.0,34.0,36.0,1.6588888888888889,6809.988541219005,4428.36634077772,2.8104082062363243
242,-29.38992295137277,135.52147292814828,57.2,42.0,42.0,44.0,3.8330000000000006,6902.6601784432205,4545.300586845595,2.807675773373394
243,-29.38991891620709,135.52250347153247,31.454545454545453,44.95454545454545,44.0,55.0,1.458181818181818,6946.564940718337,4585.617357393137,2.8079023897423303
244,-29.389914873075647,135.52353401470623,32.25,42.0,38.0,44.0,1.5187499999999998,6932.170821507221,4561.023514742839,2.8071163316847594
245,-29.3905182968906,135.55290830940055,15.0,40.833333333333336,40.0,43.0,7.649999999999999,6887.837885050627,4526.14140736391,2.807433331796573
246,-29.38889379307921,135.55289952455385,41.6,45.0,44.0,46.0,1.814,6867.340383964343,4510.906843288227,2.8078981510724645
247,-29.38799129078955,135.55289464439517,40.77777777777778,48.94444444444444,44.0,57.0,1.2833333333333334,6895.797483971066,4540.783782675448,2.810690295946592
248,-29.346885351826558,135.44296348662226,34.75,42.0,42.0,50.0,1.2725,7093.6336623431125,4724.775084881781,2.802398817527993
249,-29.34688876759305,135.44193336442396,118.16666666666667,39.916666666666664,35.0,40.0,10.996666666666664,7009.2915393848525,4661.181379998168,2.8090275956918394
250,-29.346892175407344,135.44090324204797,31.545454545454547,43.0,42.0,54.0,11.747272727272728,7106.218036881408,4739.96504004579,2.804787335924466
251,-29.32650434038053,135.308983656821,69.625,38.0,34.0,46.0,1.4149999999999998,7306.826128246641,4911.005463277426,2.799020876180587
252,-29.327406880005523,135.3089863772805,137.66666666666666,37.0,32.0,43.0,15.892222222222223,7236.8347513926055,4867.623849265852,2.805600186227529
253,-29.32830941950818,135.30898909786416,66.22222222222223,35.0,30.0,44.0,4.677777777777779,7310.041778718092,4914.883173675982,2.7999826026597017
254,-29.31671228770286,135.40941495361002,37.0,58.0,58.0,60.0,2.335,7164.784057090772,4781.600458200868,2.798623940617099
255,-29.3181160960182,135.40782429050742,25.0,58.833333333333336,57.0,61.0,0.9433333333333334,7183.462340099119,4791.859119166897,2.79821473523533
256,-29.36996268665437,135.60998204502906,28.0,54.0,54.0,58.0,2.3575,6803.906257738061,4469.7021496774905,2.8096932142811797
257,-29.36860894306789,135.60997397538495,109.16666666666667,54.0,52.0,60.0,1.7449999999999999,6739.2433873759,4436.56272617069,2.8159699249086456
258,-29.36743569840219,135.6099669821401,22.25,49.875,48.0,50.0,1.6099999999999999,6803.954212869452,4464.363011341884,2.80888904301181
259,-29.415779759131645,135.5968548616924,47.5,43.525,32.0,44.0,15.67,6790.671643028611,4432.879221069175,2.816641107859895
260,-29.415775368839586,135.59783411302018,70.6,28.9,26.0,33.0,1.298,6748.147555202784,4418.132295212228,2.814188792262782
261,-29.41576958117556,135.59912260127803,83.66666666666667,24.833333333333332,24.0,27.0,1.4333333333333333,6721.8813878603105,4399.807013828977,2.814035160320506
262,-29.45265852775044,135.60439202707877,82.42857142857143,41.0,36.0,46.0,1.3557142857142856,6722.101712174503,4374.6728656054765,2.816878728142485
263,-29.451932792022728,135.6052126720025,43.6,34.9,32.0,39.0,2.366,6744.865774575526,4388.397323721263,2.813734168590954
264,-29.451207051325067,135.60603330524782,41.285714285714285,38.92857142857143,33.0,42.0,1.2128571428571429,6754.4587034623255,4390.47432592597,2.814108989012756
265,-29.586320589387608,135.62545573122816,17.076923076923077,173.93800000000002,166.0,174.6,89.46100694444442,6825.447941978418,4309.109463673856,2.793780487804877
266,-29.223883508609948,135.49775721882338,7.944897959183674,49.0,20.0,98.0,413.62591059079205,7133.2717792320545,4944.153725802724,2.8847299463984726
267,-29.34332519956029,135.4360052080133,47.59166666666667,59.99166666666667,40.0,64.0,253.02722005767282,7075.523162547928,4738.62720903485,2.8477764647170556
268,-29.60773089569196,135.71084197493056,50.54216867469879,289.98192771084337,278.2,296.3,57.38846522845779,6680.317065553798,4151.4174287414935,2.8309679151990466
269,-29.300387939525237,135.5470674563613,17.713333333333335,30.0,16.0,38.0,279.9828581193651,6900.8803458861,4646.058540809703,2.8539957748984763
270,-29.71232606408825,135.4652355835303,42.873873873873876,188.99774774774775,156.8,190.1,5.0,7022.195830926532,4377.947935432319,2.8198629195895046
271,-29.704512921767698,135.5272253325571,153.72164948453607,170.99690721649486,144.7,267.0,1.128453608247422,6314.274167364245,4121.120535920338,3.1575773195876295
272,-29.719291097877306,135.58623536430719,1247.8141592920354,407.68893805309733,369.9,415.3,0.5967857142857145,6280.784536082473,4311.601030927835,2.8262268041237113
273,-29.72041916287168,135.58624192003293,639.0300751879699,338.1827067669173,319.1,340.45,1.2663498098859316,6396.973076923077,4373.844230769229,2.80623076923077
274,-29.71752673463336,135.58725899968675,204.7117117117117,240.84324324324325,239.2,241.4,12.036342592592591,6401.548837209301,4391.80465116279,2.8286744186046517
275,-29.651513308248358,135.61642521582382,221.03000000000003,339.885,338.8,347.0,135.12859826589585,7023.099715504984,5017.41180654338,3.213137980085351
276,-29.65032856376645,135.61889767070707,175.38,440.33875,436.87,443.32,146.12994727592258,7066.674912280705,5053.598596491225,3.220764912280703
277,-29.728431884548034,135.61108982742124,183.92831541218624,290.1820788530465,289.7,291.0,0.5877642276422764,6248.122691292873,3920.2477572559383,2.933245382585754
278,-29.57456263146349,135.50177037296356,7.424324324324327,226.12342342342342,211.0,271.6,1.4072000000000002,7088.676016042776,4496.263101604276,2.9642941176470585
279,-29.57505112777868,135.51560748571856,6.932758620689656,185.04617816091957,152.6,187.8,4.785743243243247,7663.255056179775,4979.200749063669,3.013194756554306
280,-29.57597321611641,135.48649707844532,11.953278688524591,245.64262295081963,239.6,251.0,0.9721076233183863,7012.875062972296,4440.227959697736,2.9553551637279587
281,-29.70211767341157,135.63914045477657,103.36985294117648,303.80716911764705,283.8,311.05,11.51282786885246,6729.828723404254,4148.596595744684,2.769766454352439
282,-29.548404633792877,135.43351773727682,9.707009345794393,218.75607476635514,208.9,273.2,5.967437185929646,7144.758854166656,4502.614322916673,2.9042265624999977
283,-29.718524364014268,135.66597059224222,67.48308457711444,236.34751243781093,199.5,276.2,0.8698709677419354,6484.596688741721,4003.2231788079457,2.7370794701986774
284,-29.72588176916821,135.66524011988471,116.02572115384613,444.47980769230765,202.0,507.0,8.071409214092139,6361.581626928468,3960.2326788218884,2.85299298737728
285,-29.736066676766878,135.6555943852261,93.19442508710806,309.96637630662025,303.4,318.5,1.1907905138339916,6728.071404958678,4160.488636363638,2.8184256198347097
286,-29.73604728683943,135.61628549518142,91.75031645569624,338.21471518987323,331.7,348.3,10.883096085409253,6878.249817518254,4279.17189781022,2.871485401459851
287,-29.76549201873991,135.63251476665744,807.101243781094,283.6988805970152,282.9,287.2,62.169271137026215,6940.600696378838,4443.315041782728,2.9575153203342657
288,-29.777572493609114,135.56976384300114,406.0808022922633,358.2970773638968,338.7,363.9,3.8230163934426242,7180.166666666667,4363.644444444445,2.7789999999999995
289,-29.7306122463374,135.64241705875077,154.78409090909088,293.5617897727272,274.5,318.0,1.1047133757961787,5756.721305841927,3615.1934707903783,2.8932439862542925
290,-29.74770961743934,135.6370762041259,463.3918149466192,239.61295373665476,233.5,242.6,6.742195121951222,7015.792237442922,4233.421004566206,2.7589178082191768
291,-29.74420185655395,135.6281765632633,412.2644951140065,328.80195439739407,317.0,334.0,19.649033457249075,7139.377009523816,4415.991904761907,2.890304761904761
292,-29.64373440655446,135.61399944212314,32.80833333333334,54.0,39.0,57.0,22.536284668472945,6668.47216461214,4208.740269496411,2.8246516746427526
293,-29.615476126504483,135.58269003506732,43.27016574585635,207.24447513812146,136.5,251.9,14.402740740740743,7256.694105691056,4679.483333333332,3.0247357723577246
294,-29.613501244199647,135.57195794592803,32.06043956043956,117.33846153846153,116.3,213.6,20.62846153846154,6442.462244897962,3958.680612244899,2.789704081632652
295,-29.62029203267649,135.5710150386935,177.9105788423154,281.119760479042,262.0,285.4,14.695495867768596,6685.535294117641,4104.228194726169,2.7262941176470594
296,-29.649107206416925,135.3275226577673,55.32045454545456,163.0530303030303,160.8,164.5,14.149651162790702,8050.2709090909075,5223.581707317073,2.923824242424244
297,-29.70291878645023,135.52297545120862,93.03699731903487,382.2888739946381,376.3,382.3,30.036224188790555,8209.616431924886,4437.5150234741795,3.033934272300469
298,-29.705527217157346,135.52318916576994,163.37419354838713,201.80129032258063,170.3,226.5,4.684049586776859,7807.449090909092,4356.021818181818,3.0145636363636372
299,-29.703697666249727,135.5278027355617,91.75391304347832,364.62836956521744,347.6,389.4,4.268099999999999,8018.673737373738,4909.753535353535,2.951888888888888
300,-29.7056532591292,135.4618208376221,91.64565826330534,316.4677871148459,308.7,319.2,1.6049689440993784,6686.371764705885,3084.7135294117656,2.812617647058822
301,-29.703316584845986,135.4529700453294,138.5977272727273,331.063474025974,299.5,335.8,1.1701119402985074,7597.114685314691,3844.8090909090906,2.799335664335664
302,-29.698358676917817,135.45857577506686,41.60098039215684,326.0982026143792,310.0,379.1,1.9875486381322953,7251.487022900764,3842.041221374047,2.8207633587786254
303,-29.711902111233105,135.45968771255738,122.22191358024696,332.3671296296297,328.2,364.5,4.393564013840829,7759.126811594203,4006.3376811594194,2.9575289855072446
304,-29.714266809210947,135.4597017007255,135.69361702127657,306.9986879432626,302.3,307.0,5.880450819672132,7914.776129032255,3996.4122580645176,2.7855096774193533
305,-29.700051318531198,135.46399718803994,48.80578512396694,270.46838842975205,253.1,274.6,1.7645320197044336,7591.067021276597,3909.239361702129,2.811021276595744
306,-29.773485517400626,135.934131420225,14.654838709677422,93.0,66.0,105.0,0.513984375,6154.622384037983,3712.851112462944,2.8442819344643357
307,-29.74290885304212,135.90612114880656,114.85040760869556,526.4183423913043,523.8,533.3,2.3958656716417943,4739.235648148147,2600.2138888888894,2.8825740740740717
308,-29.70908146546967,135.49002826492963,513.0102564102565,206.2025641025641,198.9,217.9,56.1351914893617,8199.948117154807,4064.44142259414,2.9972384937238505
309,-29.71313335355129,135.49008001117136,67.38965517241377,339.8804075235108,327.0,362.4,5.976619217081848,7885.474814814817,4069.3423703703684,2.865977777777777
310,-29.715981230420066,135.4903942379652,250.0442463533225,615.7889789303078,614.0,624.2,2.9913573883161497,7073.835603715169,3976.530650154798,2.7743126934984517
311,-29.708820082426595,135.4931320772165,252.0415300546448,384.11448087431717,348.5,420.8,71.7246483180428,8022.07272727273,4712.55471590909,2.991414772727275
312,-29.70805486637413,135.4877071866796,184.51414790996785,338.2212218649517,305.8,349.0,26.855687732342016,7478.4732876712305,4156.736301369863,2.892520547945206
313,-29.711243139688435,135.49004537814957,174.39379474940336,443.7813842482102,397.7,461.5,10.39608355091385,7841.990454545457,4304.244090909092,2.799550000000003
314,-29.70638691713561,135.8482118019892,627.5040998217463,505.3698217468804,467.7,552.5,83.89834763948501,5299.521111111109,3226.396296296295,3.0371592592592576
315,-29.70322921390377,135.84821617415972,56.50342679127732,547.4246105919007,522.7,549.6,0.588872180451128,2404.8485714285694,1271.0834285714286,2.735651428571428
316,-29.70790707598451,135.85087348262505,608.7468253968259,424.65654761904767,411.3,432.1,7.741780821917806,5446.9754098360645,2949.708743169398,2.9098032786885253
317,-29.705270453969355,135.8440656281487,436.74059753954293,539.2920035149388,525.4,546.8,24.86359649122808,5832.428078817735,3264.1162561576384,2.925192118226601
318,-29.705004369860788,135.85058861507116,129.81271393643038,431.51845965770167,430.6,445.4,7.10570934256055,4981.349166666667,2649.1066666666666,2.7481500000000003
319,-29.744442439207763,135.64263504330071,95.83602693602688,327.6269360269359,315.3,330.7,6.195697674418604,6842.630769230769,3566.188111888111,2.7869580419580404
320,-29.773862725283827,136.04163468278102,48.171646341463415,559.9206097560975,557.8,561.4,43.63560747663554,8072.519093078759,5384.088711217191,2.994770883054893
321,-29.782605790293,136.04844791292783,61.751025641025635,465.0180512820513,459.3,473.0,10.835156794425096,8562.515400372436,5360.975650557616,3.006055762081786
322,-29.740640862136267,135.62884119001666,372.8635658914728,268.63825581395355,254.5,274.6,11.891333333333336,7079.42054761905,4235.5035714285705,2.891678571428575
323,-29.739869849035987,135.6260043775624,162.21135265700477,417.68775362318866,362.5,426.0,2.8789572192513364,7994.723333333332,4198.7884057971005,2.9339101449275375
324,-29.743860275663014,135.63135226538137,323.7466992665034,415.84136919315415,379.0,417.9,10.753510638297874,7777.663211678836,3714.7782481751806,2.871573722627738
325,-29.740048162021715,135.63296701251855,655.4342519685033,271.96771653543294,263.65,278.4,9.316108597285062,7898.968856447693,3897.617518248171,2.8792189781021875
326,-29.740048162021715,135.63296701251855,562.7565217391304,434.69465838509313,415.9,444.5,7.454503105590062,7815.304405940589,3951.408910891091,2.9350660066006578
327,-29.74029939077581,135.63555630268723,761.1964556962021,405.34227848101284,390.0,418.0,20.69887052341598,7691.321428571437,3933.3099702380955,2.894540178571429
328,-29.745545650215174,135.6342308082582,224.71989924433277,410.85642317380353,403.4,413.4,5.647765363128489,7647.629406392692,3872.5703196347013,2.8809726027397238
329,-29.744316622160106,135.6375592362488,412.3860369609857,498.539158110883,483.2,545.1,3.5201995565410193,7567.150643776825,3987.5339055794,2.8173562231759655
330,-29.762037056138936,135.63631038018764,443.8066037735847,449.6509433962264,440.7,461.0,4.160384068278808,6951.00807212205,4504.343213296398,2.711558171745154
331,-29.713820556101805,135.52329344947327,101.83258064516129,349.03935483870964,345.7,349.7,9.089804687500001,7286.74166666667,4055.769444444444,2.7356041666666675
332,-29.716646924100623,135.5215856666362,73.38717948717948,318.0764102564103,312.1,332.1,0.8464102564102564,7145.141666666664,3354.8468749999997,2.7394374999999997
333,-29.53770948198409,135.37690409024898,53.658730158730165,169.61992063492065,146.4,171.7,92.8831034482758,8293.445175438595,5357.502631578941,2.8888815789473674
334,-29.779382940147773,135.92485669150767,16.125396825396823,261.6780423280423,159.0,294.5,1.01875,6022.350267379679,3417.0069518716555,3.080090909090907
335,-29.779916271804773,135.9228554113945,6.851966292134829,553.9599719101122,505.3,672.0,1.733390928725702,3374.4261235955055,1894.6845505617976,3.348640449438201
336,-29.731459249212346,135.63808476899894,146.00239043824706,405.292828685259,399.5,408.6,2.795160000000001,7184.924516129033,3507.569032258065,2.839812903225807
337,-29.733975625416107,135.63704978792478,80.83013245033113,318.8668874172186,317.1,321.0,15.525303030303029,6648.207333333332,3701.858666666667,2.8262333333333327
338,-29.736423942425137,135.6359894573441,502.9741602067186,408.0984496124032,392.5,444.5,83.67612535612534,7698.320903954803,4132.949717514125,2.9234180790960447
339,-29.731734363605355,135.6230704982677,58.46496350364962,317.0591240875913,308.5,341.0,1.5950000000000006,7092.202064220188,3440.7292906178495,2.782091533180777
340,-29.74911362763282,135.6269857222192,733.104281345565,410.3684097859326,404.7,421.4,5.24418831168831,7338.719944979375,4987.025309491061,2.7699160935350746
341,-29.65177840759845,135.61571342900905,267.49643493761147,356.20460784313724,355.1,388.3,166.56691382765527,7697.000398406375,4989.414541832666,3.046655378486053
342,-29.638655026116552,135.60838814897122,310.3768224299067,557.2734579439252,556.5,558.2,32.17868644067798,8044.030479452052,3992.579794520546,2.810284246575342
343,-29.64242697465003,135.61577352253963,30.76503496503498,194.92237762237764,156.0,195.0,0.3404225352112676,6035.132142857142,2868.667857142857,2.700785714285715
344,-29.63713966106023,135.61017657112586,567.2739583333331,428.0195312499998,388.5,450.0,23.88541806020068,7410.573469387754,3940.370068027212,2.8740272108843525
345,-29.634817391724358,135.60207913463978,205.75917808219182,370.1560273972603,351.0,381.0,41.01425149700602,7348.407619047614,3972.139523809521,2.80208095238095
346,-29.70671673019918,135.38459288430806,66.58941605839408,409.2233576642334,408.5,423.8,4.906526946107785,6517.077019748654,4294.8375899280545,2.7130000000000005
347,-29.70808747987492,135.3845643331356,124.08897243107775,333.18847117794473,331.0,341.6,13.590619195046433,6822.748615384617,4411.751692307687,2.740858461538461
348,-29.592083738711754,135.52094326319937,38.41142857142856,172.63942857142857,120.8,278.0,3.7753773584905677,8273.993229166668,5411.851041666666,3.001369791666667
349,-29.69178968611557,135.48299051069398,39.26802325581394,214.94215116279076,189.0,234.5,111.26993333333334,7784.857321428567,5062.445821428571,2.942575
350,-29.690536035907563,135.39648326166756,61.64707379134856,320.2673027989821,320.0,345.9,11.92841498559078,6099.461797752809,3606.1348314606735,2.9989213483146067
351,-29.68821008992877,135.39666926528207,113.7903409090909,310.8585227272728,308.6,311.9,25.08421052631577,6595.340983606556,3898.068852459017,2.9801803278688532
352,-29.686705029698373,135.4020259477968,40.83341404358351,383.61924939467303,362.8,392.2,17.539073569482277,6940.8275862069,4138.334482758621,3.008821839080461
353,-29.68710458102782,135.3799456907221,106.54889589905368,294.2279179810725,292.2,299.3,28.132365591397843,7699.191608391611,5212.38881118881,3.0041468531468523
354,-29.58431087674119,135.6020780984112,36.47740259740258,345.0612987012985,341.4,354.0,8.212493506493509,5827.663684210528,3207.6147368421043,2.6536578947368423
355,-29.577504860979662,135.57076273276596,39.70229885057471,328.44000000000005,322.2,338.1,13.813950000000004,6526.260962566844,3816.0352941176484,2.7532352941176486
356,-29.581863982545013,135.56963077001421,69.24931818181814,327.2485227272725,322.9,328.8,7.504189526184538,6280.287046632125,3520.52694300518,2.6863108808290144
357,-29.5870366555702,135.63808942942836,15.011138014527855,395.09636803874076,383.4,401.4,86.1403234501347,7410.695220588238,4045.5055147058815,2.794639705882354
358,-29.373942451058394,135.53192933102721,83.47464788732395,283.4272887323945,279.4,301.5,5.889182879377426,7538.189261744968,4930.65234899329,2.717979865771813
359,-29.37966286965075,135.5336091417092,63.605439330543945,255.6679916317992,233.0,264.3,0.1665625,7584.315789473683,4914.07067669173,2.6580526315789474
360,-29.71472092619243,135.46917439966558,298.26837060702866,335.93051118210866,326.1,349.5,15.66174904942966,8121.083098591542,5400.918309859154,2.8571056338028176
361,-29.705817033082905,135.4372614731563,27.21818181818182,210.3150717703349,164.8,252.4,59.37538011695908,7708.893939393941,5263.665151515152,3.08151515151515
362,-29.70157778357435,135.44858848473416,100.64433962264152,336.9638364779874,334.8,346.6,5.998214285714284,8017.418666666667,5297.252666666667,2.803513333333334
363,-29.701710962989694,135.42219667469507,42.67147766323025,319.638762886598,313.0,326.2,1.9662139917695478,8138.538260869565,5410.666086956521,2.852321739130436
364,-29.70438450111666,135.42220382489072,36.017701863354034,354.63844720496894,348.0,360.2,4.357408759124084,7783.185156249999,5088.153906249999,2.7324453125000003
365,-29.718807752337014,135.4252229073864,14.086557377049179,344.7052459016394,297.0,394.5,0.09524528301886781,7894.449074074074,5096.411111111112,2.639249999999999
366,-29.706997340548874,135.42221262465048,35.912580645161285,335.1503225806451,257.0,337.7,0.8662313432835822,7738.402173913042,5042.110144927536,2.7062246376811605
367,-29.707218238646185,135.48989986719434,200.3110817941952,408.8559366754616,395.0,421.1,59.601394658753705,7611.093157894741,4157.630000000002,2.890421052631576
368,-29.718702715598575,135.4916248010494,88.16531250000006,348.038125,319.5,371.4,0.9062500000000001,6983.785380116957,4024.588888888886,2.745
369,-29.709244100022122,135.48898629004222,139.57626112759644,339.19451038575687,333.3,357.7,4.572525252525255,7625.614465408803,3780.7377358490576,2.765106918238996
370,-29.711476906939826,135.48227573469168,39.93649789029535,340.62700421940934,334.6,349.7,5.428223234624146,5920.296685082874,3560.646408839779,2.978359116022102
371,-29.715781614111357,135.48813883304442,192.42193158953737,428.8077867203218,428.4,434.3,1.2238802660753891,7171.110945273631,4704.760845771145,2.772751243781095
372,-29.72579444063097,135.47930409236454,6.90125313283208,410.77017543859654,389.8,466.5,0.7135446685878969,7021.810828025478,4512.849681528661,2.5792547770700636
373,-29.71568548689762,135.49566589616626,35.24849624060149,305.2458646616541,267.8,345.05,4.24986175115207,7749.696116504857,5072.331067961164,2.729310679611651
374,-29.714518172451683,135.48490179611647,533.7056022408965,374.9806722689075,370.7,375.0,3.7525867507886432,7809.344186046516,5160.342441860467,2.7997965116279064
375,-29.71640087415668,135.4849007330617,122.66105919003114,331.22476635514016,328.4,356.3,1.466868327402135,7816.578676470588,5113.9338235294135,2.7381250000000006
376,-29.71589706602132,135.48177230189864,171.23114285714277,374.83200000000005,371.1,395.2,6.6709294871794915,7997.916083916086,5287.109790209788,2.810076923076923
377,-29.711757340838776,135.49700672639716,98.21680216802166,392.26734417344164,389.9,395.7,1.7453495440729485,7761.702976190478,5082.629166666667,2.7438214285714295
378,-29.71923753710401,135.4949575405914,32.108620689655154,315.58827586206894,295.9,352.0,0.67016,7579.58205128205,4931.72222222222,2.6798290598290606
379,-29.713337826575284,135.50263890843323,125.89574468085104,331.6743161094226,328.7,333.1,1.9473895582329335,7859.514583333327,5151.343055555555,2.750770833333335
380,-29.706319186196154,135.8392102197935,301.33922518159807,403.95072639225185,402.8,408.5,5.2429032258064545,4899.56884057971,2810.6202898550728,2.872289855072463
381,-29.71764907795184,135.85706232975085,16.929373650107998,312.2109071274298,275.4,367.4,0.08938242280285055,3941.540735294118,2465.304411764707,2.795544117647059
382,-29.70391678417296,135.84574784986367,85.7550588235295,441.9488235294119,436.6,448.5,4.299363057324838,5934.527737226278,2963.437226277373,2.6687810218978103
383,-29.70778248183995,135.852902318498,776.7349253731343,310.63850746268656,307.3,318.1,50.33921052631577,6098.251851851854,3918.9671111111124,2.935755555555555
384,-29.705888194658012,135.85288124505354,693.8874538745382,328.34114391143913,312.8,353.8,11.787953216374271,7354.406976744186,4893.547674418605,2.8551860465116277
385,-29.70068412572621,135.4795964602874,320.4435828877004,320.55975935828883,287.3,323.3,67.45197860962568,5228.320312500001,2993.6835937499986,3.0774843749999996
386,-29.699165812686942,135.47959585313146,140.27230769230766,350.4514285714286,286.6,373.2,26.243457711442797,5118.016666666669,2971.805303030303,2.917462121212121
387,-29.69992353619168,135.47008598560095,315.27220447284355,304.31677316293946,301.5,309.8,23.950954063604232,7016.409999999999,4187.59,3.0269874999999984
388,-29.694528064582144,135.4767323091983,46.71538461538461,422.4795329670329,420.5,434.9,144.66235668789818,8699.368852459014,5989.013114754096,3.1723934426229508
389,-29.4488566726138,135.56744239641438,132.72247474747473,374.0991161616162,366.3,383.9,1.1270698924731184,7888.353731343285,5233.195522388058,2.845721393034825
390,-29.44652331307913,135.56852386893695,103.6594520547947,341.0498630136987,321.3,353.0,0.26427745664739893,7999.907474226806,5242.60773195876,2.759283505154639
391,-29.44269459089013,135.58849144890186,69.00796703296706,313.76497252747254,304.0,370.6,1.4842613636363617,8196.402247191014,5349.9325842696635,2.738887640449438
392,-29.71207577187252,135.72368527833785,48.720388349514565,370.0066747572814,360.1,490.7,41.850867208672106,7307.725146198832,4870.977192982456,2.8726315789473675
393,-29.714764314632482,135.72371408325523,59.9183023872679,354.2376657824933,350.7,389.4,1.2899101796407184,7150.329299363061,4672.586624203821,2.709878980891718
394,-29.74641335787674,135.6426604051852,51.4478371501272,373.85038167938933,368.3,381.8,1.5697198879551795,5203.423780487807,2724.838414634147,2.31839024390244
395,-29.746960738338238,135.65234512071143,79.0248201438849,393.22733812949616,375.8,393.8,1.9451737451737452,5080.374761904762,2796.3633333333346,2.7474238095238093
396,-29.51553895771321,135.54717902795704,26.590112994350267,325.62542372881364,302.0,332.4,0.847945619335347,8176.653012048187,5350.598192771086,2.746626506024097
397,-29.50963093929494,135.54122810717217,11.721088435374147,252.48180272108837,245.9,266.7,0.21393501805054155,8289.809401709397,5364.075213675214,2.6661452991452994
398,-29.68464089364491,135.32122714713742,86.70696969696976,376.3927272727273,363.1,388.1,11.978529411764708,7768.192682926829,5029.852845528455,2.6746666666666674
399,-29.76361253660483,135.63822632290382,32.66702819956616,351.2160520607374,350.0,351.6,0.27429975429975456,5338.992857142855,3015.9428571428566,2.6161428571428575
400,-29.76017759509605,135.65294218585493,15.730519480519474,313.2290584415584,308.8,464.2,0.0338431372549019,7230.774285714285,4725.817142857143,2.7590571428571424
401,-29.614666053235478,135.31076142596194,43.842281879194644,308.1909395973153,292.3,330.0,40.34404494382024,8135.712686567163,5431.392537313431,2.893589552238807
402,-29.61626419478984,135.31253256177794,60.859917355371906,268.3568181818182,248.0,273.8,51.53985074626861,8353.957731958766,5605.636082474229,2.936092783505155
403,-29.68724206186409,135.94287433860276,144.50549450549445,468.61868131868135,462.0,471.2,99.79403292181068,8072.278448275865,5373.693965517239,2.8615862068965514
404,-29.71482081695877,135.5191906417182,20.984923076923078,197.57815384615387,168.0,214.0,3.1791719745222933,7773.223076923077,4286.36923076923,2.7711153846153844
405,-29.429366823138928,135.5636892231056,46.68925373134331,298.79567164179116,298.2,299.7,0.998611987381703,8111.057988165675,5339.250295857989,2.8131360946745576
406,-29.432147724091053,135.56056792789292,23.406707317073174,356.3820121951219,348.9,379.5,0.26101449275362365,7720.823893805307,5043.5911504424785,2.702026548672567
407,-29.42910062503018,135.56363186502378,70.89151515151514,325.6203030303029,324.4,328.7,1.3429354838709673,8120.257692307689,5342.853846153846,2.7922615384615392
408,-29.43219815385065,135.5638527646548,66.07777777777781,345.17602339181286,338.9,358.1,0.2129938271604939,7958.484713375794,5235.521656050955,2.7827133757961797
409,-29.427712966788665,135.54740631504842,31.722807017543886,288.43192982456145,247.0,296.8,30.585665399239538,8050.172649572649,5346.419658119657,2.843094017094016
410,-29.710537568623558,135.82030608195916,75.09057142857145,355.496,323.9,378.6,0.7276530612244899,7200.291489361702,4278.700709219859,2.8198723404255315
411,-29.70407296863421,135.8005231384843,28.476635514018696,391.2625000000001,381.3,391.7,0.5008602150537637,6953.617391304348,4588.208695652174,2.7825465838509307
412,-29.654080056168212,135.61805357408093,157.20028653295122,347.600429799427,307.0,362.6,64.94304347826092,7482.812857142856,4614.474285714286,2.913214285714286
413,-29.7063284124113,135.38790504018218,55.93666666666666,385.8016666666668,342.8,408.5,5.1886581469648565,8202.019205298013,5372.320529801327,2.7450529801324492
414,-29.698125763172545,135.40719703574973,150.08204225352105,265.95211267605634,263.9,278.1,8.13741379310344,6402.832692307692,4189.836538461538,2.7304038461538473
415,-29.696702949315892,135.41274941306207,117.8516616314199,369.83111782477346,323.9,375.3,8.026594982078864,7977.284444444442,5292.4681481481475,2.8536518518518537
416,-29.68628136004297,135.36296591130528,26.357727272727278,258.58090909090913,226.8,262.4,1.127966101694915,6896.896385542168,4491.9907228915645,2.705734939759036
417,-29.69822508497174,135.36228223647706,34.663445378151266,287.7945378151261,287.15,288.1,0.2468333333333334,7984.1109375,5071.94375,2.5704062499999996
418,-29.6956987799751,135.36375784944815,129.22489451476793,222.31772151898733,213.0,248.4,0.2770466321243524,7322.052884615387,4843.703365384615,2.812855769230769
419,-29.69734649376076,135.3653891109183,74.32017543859651,267.7436403508772,265.5,283.9,1.6784269662921338,7382.23947368421,4830.026315789473,2.7363421052631565
420,-29.69594370201304,135.36591277447184,175.80814606741572,355.8566011235955,341.6,356.3,0.5479999999999996,7114.816071428567,4698.738690476189,2.800297619047619
421,-29.689208470396533,135.3589793767289,56.3448387096774,321.42709677419356,316.5,329.9,4.090888030888014,7526.550704225348,4992.680141843971,2.7882323943661973
422,-29.69367949238036,135.36073263655206,22.677620396600563,426.0395184135977,385.9,433.5,0.21947540983606553,7811.748717948717,5153.077564102567,2.8017884615384614
423,-29.69681111303293,135.37289417090457,11.632098765432097,331.9964506172839,324.5,332.0,0.3255956678700362,8061.753076923076,5312.107692307689,2.792576923076922
424,-29.701358305245066,135.37214255640646,10.848760330578516,298.58842975206613,287.3,314.4,0.3275806451612902,7865.235789473683,5139.7768421052615,2.7096947368421063
425,-29.704744349611374,135.37879809967413,25.169257950530046,341.03533568904606,340.9,343.0,0.6063519313304717,7379.646728971961,4819.898130841124,2.7114485981308416
426,-29.513837317776964,135.60511288770178,24.21961722488039,318.27117224880385,285.2,324.0,25.88032418952619,7138.404568527917,4747.034517766499,2.796675126903553
427,-29.51180030328856,135.60815853865506,13.113934426229509,222.79999999999993,218.0,228.2,0.8053393665158376,7610.098749999997,4943.915000000002,2.6843749999999997
428,-29.54886337521845,135.60338075775772,12.607162534435263,344.0370523415978,335.5,353.4,41.190000000000005,7736.016875000003,5071.833125000003,2.7436125000000002
429,-29.670198255261287,135.32232758532209,103.23527397260274,347.5517808219178,346.2,349.88,0.9617209302325576,7681.040384615383,5044.865384615386,2.7540673076923072
430,-29.66829364186379,135.35655194404444,90.60061349693251,348.24119631901846,348.0,399.0,3.1123591549295764,7952.457391304343,5220.27043478261,2.7526347826086957
431,-29.659518162068945,135.30402228659804,54.353125000000006,95.99453125,63.0,96.0,33.61033168323047,7232.814660690536,4620.119143301548,2.817468844964077
432,-29.659543931208983,135.30402503002244,43.25461956521742,425.15184782608696,411.1,435.0,0.7583445945945947,7754.146896551722,5108.747586206895,2.7823172413793107
433,-29.662224780233537,135.30329744334412,62.019464720194655,448.46518248175175,341.7,459.2,5.039356725146201,7583.710588235292,5003.361764705884,2.793823529411765
434,-29.66477409651865,135.30330324083687,82.54747191011239,423.11039325842694,421.1,424.3,-4.279881079601182,7482.340689655171,4879.849655172413,2.722668965517241
435,-29.680204819318924,135.3410725564095,41.19349845201239,390.3072755417958,386.0,397.3,0.6333474576271186,7160.770229007635,4706.470229007635,2.7719007633587776
436,-29.683171362217298,135.34030343601094,68.18360128617365,368.52025723472667,366.2,368.8,0.48600877192982445,7446.3758333333335,4832.940833333333,2.6801166666666676
437,-29.79633959356647,135.58631802797427,64.2974193548387,337.4453225806452,337.0,338.4,0.11899598393574286,8071.571681415927,5323.042477876105,2.790053097345133
438,-29.72293258836862,135.73662532535806,16.0427536231884,175.66123188405797,137.4,319.7,0.39891304347826095,7771.267567567568,5074.443243243244,2.7304864864864857
439,-29.74455334435139,135.72933511000906,144.29073482428112,360.00367412140577,325.7,369.0,0.6581007751937985,8064.618811881191,5343.873267326731,2.8449999999999993
440,-29.71412894830039,135.45763739703952,141.6982206405694,314.56209964412807,309.0,326.0,8.209346938775509,7839.198260869566,5151.4078260869555,2.760052173913044
441,-29.712831220856533,135.44983813398198,36.14255319148936,266.0304255319149,252.2,278.4,3.114880952380951,7656.257446808514,5006.022340425532,2.7244680851063827
442,-29.7141777485984,135.47484287462893,118.75599999999999,367.76907692307697,340.9,426.3,10.636394052044611,7854.17468253968,5179.266666666665,2.826261904761907
443,-29.715066747192488,135.4554073765885,138.088326848249,291.97665369649803,291.0,296.0,8.269627906976746,7869.12641509434,5187.697169811321,2.8024905660377364
444,-29.567943840585237,135.48636102006807,71.52560975609757,248.23182926829253,246.1,259.3,0.22445945945945936,7988.659574468085,5212.7308510638295,2.720648936170213
445,-29.55682377893013,135.45256624783522,69.61518518518518,286.6832962962962,276.2,305.1,7.563577235772355,8354.243137254898,5598.008823529411,2.9179215686274524
446,-29.723854440198703,135.69945478798678,38.32633228840124,349.0592476489029,300.5,372.8,0.3848339483394834,7461.685606060605,4836.965151515151,2.665477272727273
447,-29.721088229256893,135.69928973075918,173.3535714285714,205.45624999999995,184.7,207.2,1.2201587301587309,7134.977777777778,4712.200000000001,2.7927638888888895
448,-29.717159506943393,135.70674169495243,266.9805714285714,370.32334285714273,366.6,376.2,1.410322580645161,7764.997385620915,5118.267973856208,2.8134967320261435
449,-29.718292632114345,135.70012046268636,146.81877256317688,403.3821299638991,393.1,455.9,2.6618250950570355,7451.000714285718,4899.813571428569,2.7774428571428578
450,-29.71650939978303,135.72246455387082,61.85216138328529,392.65345821325633,390.0,395.7,1.1597741935483865,7276.788590604026,4769.820134228187,2.734926174496644
451,-29.714733129463305,135.731123723928,244.71926605504592,388.77844036697246,386.0,390.0,19.41848275862071,7747.137500000001,5057.774305555555,2.7273402777777784
452,-29.785590722856874,135.57681413337107,106.26949685534595,382.58820754716965,375.0,444.0,10.471772151898733,7781.3875,5067.403333333335,2.6976416666666676
453,-29.777756895600948,135.56972182041105,426.03113456464416,398.1563324538257,386.7,420.4,10.14388888888889,7754.659615384617,5071.202564102567,2.7494551282051276
454,-29.7730252845818,135.5759190472852,536.5476584022044,467.9861570247934,412.1,513.5,4.719838945827235,8024.835260115608,5257.131213872832,2.751797687861272
455,-29.776101115051397,135.57301031115028,544.4968668407308,381.278590078329,376.0,434.16,5.47563953488372,7924.698496240598,5168.785714285714,2.749924812030075
456,-29.783031144740143,135.6060560882828,48.21189320388351,483.25373786407795,460.5,513.1,0.11297297297297305,7809.3164705882355,5137.415294117645,2.7928882352941176
457,-29.78118755000229,135.60415951434726,153.811875,496.272916666667,485.1,512.3,1.113247663551401,7698.127536231883,5060.963285024153,2.7875990338164254
458,-29.78738142134968,135.5985000961243,27.917789757412393,412.1103504043127,352.9,441.8,0.3727564102564103,8308.601315789474,5635.652631578948,3.055052631578946
459,-29.777850129622536,135.60550391846908,124.96666666666675,390.03168284789655,380.0,423.31,0.47966037735849054,7956.021538461535,5276.922307692305,2.8551923076923083
460,-29.77617245681721,135.60315133959386,106.70686274509801,357.2129738562091,315.7,363.2,0.5810288065843623,8816.66068376068,5838.9333333333325,2.8509145299145295
461,-29.77462351192117,135.60077735603144,26.648333333333333,89.99666666666667,78.0,108.0,-188.15517760285366,7590.384210526315,4852.815789473684,2.575315789473684
462,-29.774644283872036,135.60082168305289,76.56272727272726,377.33727272727276,169.0,413.9,0.39873188405797105,7760.380327868851,5046.980327868852,2.6921311475409833
463,-29.784050493464807,135.5935450910689,25.850393700787393,186.84094488188975,183.0,299.6,1.0177777777777777,7183.1,4585.71,2.5547000000000004
464,-29.78403095271656,135.59350942795652,32.07,104.99857142857142,96.0,150.0,-12.137083678626368,6749.959627583863,4238.534201476228,2.8288372981278407
465,-29.785648841288968,135.59615493385442,44.15470383275262,338.65714285714296,336.5,344.55,0.280316742081448,8697.345045045045,5659.383783783783,2.7495945945945954
466,-29.755917285554307,135.7038308197038,83.9950191570882,419.82605363984675,418.8,422.5,1.8259003831417613,7675.925517241378,5040.948965517243,2.7551379310344832
467,-29.71217584811811,135.756691169696,112.22348284960425,408.17097625329814,398.8,447.0,1.0230267062314544,7752.44402173913,5078.532065217395,2.7564673913043487
468,-29.707082836241714,135.7897697539827,85.54267782426777,289.8693723849372,280.6,296.6,2.0197790055248617,7589.432584269667,4977.939325842696,2.760853932584269
469,-29.703046650454244,135.39588658205568,80.99581151832462,410.0982198952879,392.7,420.7,1.3728915662650605,7692.2576923076895,5016.776153846154,2.7111846153846146
470,-29.70579389291469,135.395796573238,83.08718592964823,422.57354271356786,414.4,477.5,0.4724471299093657,7626.76258064516,4970.538709677421,2.717683870967742
471,-29.703521388062953,135.40756502572071,35.30176991150444,378.57008849557536,375.8,385.8,0.7083848797250859,7549.336551724142,4966.821379310343,2.778875862068966
472,-29.706451418107303,135.40757159461612,40.64301886792452,297.6245283018868,294.0,299.6,1.1326146788990825,7348.668867924527,4748.9301886792455,2.650877358490566
473,-29.73227545320161,135.74465205730434,161.85529411764705,115.45999999999998,87.0,122.4,1.150487804878049,7325.5,4771.784210526315,2.678578947368421
474,-29.78355008463161,135.61272661595382,93.64909747292418,312.2279061371841,312.1,313.4,0.25368421052631585,9456.892465753423,6232.318493150687,2.8081506849315074
475,-29.776327925758746,135.61739979856776,95.38791666666673,279.76791666666674,267.4,321.8,1.2039361702127662,8066.424761904759,5252.9057142857155,2.675828571428571
476,-29.437529382705026,135.57029874614278,289.37931034482756,188.59620689655173,174.7,189.62,284.1356589147287,4056.9627906976752,2718.44031007752,2.718748062015505
477,-29.440752385378342,135.57005899205734,67.18954248366013,209.0,203.2,211.86,127.15131578947368,3901.3618421052633,2611.058881578945,2.724519736842106
478,-29.67571950982907,135.633294138125,129.83333333333334,258.73999999999995,250.0,266.95,82.78095238095239,4977.5936,3318.8440000000023,2.7522720000000005
479,-29.668214747073026,135.62678849709658,110.73825503355705,315.3322147651007,312.8,315.4,21.580645161290324,5546.1306122449,3666.940136054423,2.734081632653062
480,-29.635296587453322,135.59649196678754,996.7543859649123,276.92039473684207,275.5,308.5,2274.1929824561403,5390.222466960351,3690.3625550660768,3.0833392070484567
481,-29.692138374973865,135.5519678966157,48.01840490797546,245.00306748466258,233.5,278.5,33.20294478527609,6772.264638859153,4265.369886324494,2.903981595092023
482,-29.72089404657825,135.57173397811044,229.48863636363637,178.759375,167.1,185.3,0.9329761904761907,567.8865476190477,400.2280952380952,3.4067857142857143
483,-29.72049728342261,135.56763109828896,479.69868995633186,251.0170305676856,249.8,253.5,1.2869832402234633,366.2312921348316,254.56556179775293,3.3069101123595512
484,-29.720913966754498,135.57591662425332,4691.022205206738,437.63292496171516,431.0,444.1,2.7564444444444436,463.76696485623023,324.81661341853044,3.305594249201276
485,-29.72390956564398,135.57177911199767,540.0766208251473,359.6532416502947,355.1,364.9,1.257921810699588,535.528888888889,349.40432098765416,2.884168724279836
486,-29.72067278297478,135.57798485796653,4519.457413249212,356.0085173501577,351.1,368.7,1.0648451327433621,576.0420796460176,408.43084070796465,3.4621327433628335
487,-29.717322778780986,135.57175831950227,614.2102040816327,365.35551020408167,360.8,403.0,0.7502291666666664,530.8083333333334,349.4678750000001,2.9228875000000003
488,-29.71833945843023,135.5779662679916,1935.3680981595091,357.452044989775,355.8,361.6,191.5353846153845,663.2290688259114,453.6381376518217,3.1643036437246947
489,-29.71976964562269,135.58003467621631,1062.327868852459,243.67803278688527,222.9,259.0,37.016000000000005,586.5325999999998,401.0211333333333,3.210753333333333
490,-29.722137153067518,135.56350152668813,1418.0357142857142,405.7130681818182,397.0,409.9,2.1239655172413805,540.040459770115,356.56172413793104,2.9591379310344825
491,-29.716596309855326,135.57381998763836,1141.6031746031747,384.5443452380953,381.7,388.4,89.87811320754703,741.0243396226414,495.1793584905659,3.005494339622644
492,-29.71824418446625,135.56762535792816,692.3713235294117,377.51920955882355,364.9,387.5,1.3999233716475097,849.4410344827585,562.0893869731801,2.9590727969348647
493,-29.72202292871607,135.57797314603354,2302.8640132669984,429.29966832504147,418.5,453.8,1.5252532894736837,911.708848684211,633.6999342105264,3.294513157894738
494,-29.71917433657631,135.5821074598049,473.8665297741273,364.33039014373713,342.0,381.4,0.8569230769230766,708.6911965811967,462.66863247863233,2.9131025641025623
495,-29.717944378311792,135.57589167898016,6889.661607142857,383.0891071428572,334.6,406.0,3.536229629629632,854.1886142322096,582.1429962546816,3.135850187265917
496,-29.717598892187468,135.572795914776,654.6146435452794,372.2647398843931,371.3,374.7,0.8304809885931549,2554.2912547528517,1628.4927756654008,2.7674676806083656
497,-29.717145209924112,135.57382930258464,651.3157894736842,359.16789473684213,343.3,387.8,11.293070866141733,2591.4216535433093,1675.3366141732286,2.8278543307086643
498,-29.717074725196113,135.57483451999127,869.0132450331126,362.3224061810155,358.6,365.3,79.99744047619039,2643.467992047713,1722.238966202784,2.867377733598407
499,-29.71871379002225,135.57692690185823,3934.6235294117646,190.01882352941178,183.8,192.6,0.46423376623376633,3673.1971698113202,2475.3117924528296,2.9157405660377376
500,-29.73147065602427,135.63593954703558,407.2983870967742,198.00604838709677,188.4,209.1,0.7566129032258062,6228.780624167499,3855.7714735546106,2.9047499999999986
501,-29.729440161144083,135.63592674098115,35.795918367346935,124.98673469387757,116.9,127.8,5.346734693877552,6850.52039483597,4237.834422208718,2.7206734693877554
502,-29.732824318928625,135.6359480851332,172.96190476190475,217.9985714285714,217.0,223.4,1.0159433962264153,6617.015673424095,4072.8712023019107,2.8011037735849067
503,-29.744178476810536,135.6205073613127,170.00958466453673,245.5,231.3,247.1,3.4069426751592347,6316.580275326647,3865.9692908167126,2.9699426751592344
504,-29.74237359062096,135.62049624859756,31.48051948051948,160.9935064935065,88.5,237.0,2.811558441558441,7088.578001264526,4500.094489059025,2.811545454545455
505,-29.641887415313374,135.42749157546092,65.05882352941177,224.84411764705882,191.9,238.8,68.68422981971162,7141.934504102901,4532.134301763894,2.8305313422820513
506,-29.738988374562158,135.63214010623093,879.1265306122449,271.2204081632653,270.9,272.3,267.01382113821137,5752.606116344432,3570.242090496031,2.9540813008130082
507,-29.19930415343884,135.32555390485012,52.351351351351354,88.51351351351352,42.0,145.0,2233.883495145631,6915.867976849542,5143.898908138253,3.173304750445255
508,-29.19948215868222,135.32658313446268,36.567567567567565,94.64864864864865,91.0,97.0,350.069639042842,7308.195536153726,5010.204540342544,2.8471459829625747
509,-29.720465742983365,135.55937821930794,34.8344827586207,73.08620689655173,67.0,75.0,0.6690050590219228,6828.05273437499,4280.358789062497,2.838287109374999
510,-29.7226432494875,135.55792587980127,30.919047619047618,81.71428571428571,40.0,89.0,0.14262773722627753,8587.016545012157,5624.9824817518265,2.9559586374695854
511,-29.557608176121732,135.39358753643657,69.52380952380952,305.99920634920636,283.6,314.25,91.93697368421056,6987.94910986843,4471.1304551251815,2.9521184210526323
512,-29.56542287664479,135.39088210244577,62.24242424242424,216.17742424242422,211.65,272.3,146.11057692307696,7274.648102855113,4776.420873605675,2.827019230769231
513,-29.18857595927977,135.35617103648585,58.241379310344826,92.11379310344829,41.0,135.6,3327.6923076923076,6513.42037379009,5026.350249766394,3.3460170144340067
514,-29.6347528649171,135.89668545211293,43.26315789473684,212.0,212.0,217.0,16.70691815351165,6276.522986754288,3846.327215040874,2.8309560906945377
515,-29.674797627757076,135.3359664958645,21.35443037974683,122.18987341772151,109.0,131.0,23.174649436328764,7195.522775218691,4588.381671917232,2.8107663563744376
516,-29.674610614893552,135.3291610061553,24.67916666666667,112.06944444444444,105.0,160.0,82.39610462826386,7246.59587436603,4711.77759105197,2.82760111802527
517,-29.66876719049625,135.31054831072757,23.471794871794867,118.84615384615384,113.0,187.0,119.49500150849417,7316.578064420864,4807.512763149098,2.8366957028733024
518,-29.65074111117146,135.31045484328604,24.598901098901095,104.24725274725274,103.0,112.0,31.77294351254386,7202.43362419225,4622.676360870522,2.8066029450416345
519,-29.714562494273828,135.50839537644202,27.86857142857143,58.142857142857146,46.0,100.0,36.85661862737106,6887.164791779149,4407.550857264985,2.831501339559532
520,-29.71467098900009,135.5083911052987,0.8620689655172413,49.172413793103445,44.0,82.0,16.932961493032053,6875.37755164376,4382.813704883389,2.822269307301597
521,-29.712350721980005,135.51381205742794,77.12352941176471,75.7843137254902,44.0,91.0,9.422692870564788,6846.118903019138,4318.148560919013,2.8303308874387847
522,-29.715517050669213,135.51385883573678,46.599230769230765,128.46923076923076,109.0,134.0,-14.750770958151406,6871.042240266841,4294.465901069743,2.8173175674161977
523,-29.71156783357168,135.50840696137223,36.434999999999995,94.6875,93.0,101.0,-23.222904810834734,6827.739009505065,4285.522256732875,2.8098427807237476
524,-29.700490510994893,135.4300061111142,144.92142857142855,117.77232142857143,112.0,126.0,-3.024096360692056,6893.343006738389,4358.867385142003,2.8173895454084117
525,-29.70435571761671,135.43003091827828,31.647619047619056,126.35714285714286,110.0,137.0,2.938363297489559,7030.13285210132,4438.303590619798,2.814994930837595
526,-29.70795035922563,135.43006031400128,121.34324324324326,144.75,118.0,228.0,126.34018873760942,7100.781259243049,4635.216874711492,2.861072559563625
527,-29.699845092957066,135.63138225197022,105.9319587628866,105.35051546391753,76.0,112.0,-0.3622323598356161,6628.77859211903,4130.940399152278,2.832759651852828
528,-29.561895024915472,135.4648735388445,12.963541666666664,71.15625,70.0,75.0,81.24473514448255,6951.101307840952,4487.2740484542155,2.8186705163536825
529,-29.55820245701241,135.46568563012698,38.72604166666667,71.15625,64.0,75.0,88.18169569933161,6940.228883654418,4483.330397417441,2.823371576665822
530,-29.554573843866617,135.4665129460539,40.17171717171717,69.92929292929293,34.0,120.0,183.44709576623063,7075.509406398705,4668.344958919479,2.8591526583745037
531,-29.550692015568398,135.46728156698623,14.97,54.3,37.0,90.0,150.1461787873195,7023.000661571023,4612.678859924628,2.842839505708893
532,-29.694986657497424,135.38792686480696,24.14356435643563,120.05940594059406,120.0,125.0,-8.329348415642016,7061.8506288162025,4468.471096229216,2.803780949839829
533,-29.698595576352574,135.38016754004113,19.645,120.0,117.0,126.0,-7.1121268615315785,7085.931044614437,4484.92175775396,2.8046147061859985
534,-29.704645241247245,135.41441964628535,30.636170212765958,115.97872340425532,109.0,121.0,-12.014096082486503,7019.846040896868,4428.154092382421,2.8075283661951373
535,-29.701251479415852,135.41426506402368,39.235416666666666,149.75,122.0,170.0,29.66941008075446,7109.114679424449,4507.47020176713,2.82454928701458
536,-29.7046316455455,135.40188400779635,34.64259259259259,87.0,77.0,98.0,-0.9877341755418456,7031.380992703649,4460.682102965511,2.8118430796478617
537,-29.701354423724126,135.40179465045344,30.763571428571424,152.1392857142857,152.0,154.0,-17.04491999820675,7049.896824291791,4436.039031687069,2.80241359434613
538,-29.697892216232052,135.4015119339159,21.744999999999997,59.8625,50.0,80.0,17.192983196870046,7040.0006525857025,4498.834204027764,2.816312958951619
539,-29.676494400466822,135.36764834477935,68.47909090909091,119.86363636363636,112.0,121.0,5.617397577974771,7072.082508361658,4487.17891428624,2.809081072569898
540,-29.685817369714524,135.36898744450056,43.04843749999999,95.109375,93.0,96.0,-6.715071711645578,7058.237816385721,4477.80449777624,2.804229232487239
541,-29.68090397651392,135.35241512145691,27.724999999999998,78.0,73.0,96.0,25.981851080214255,7123.0544274739,4568.39385569693,2.812840133254202
542,-29.682901615937904,135.34727036212627,29.08139534883721,70.47674418604652,44.0,83.0,29.28911137942123,7161.771563685434,4580.479130948086,2.819137506343334
543,-29.728048458231722,135.59559222827914,160.24444444444444,211.9777777777778,201.0,215.0,-31.326399300221965,6665.271137604635,4107.489363651912,2.821594899231498
544,-29.74326256575068,135.93074094955242,126.875,222.0,206.0,238.0,-33.40181179520732,6164.836967753923,3708.563880475158,2.8405538516766144
545,-29.747107716839448,135.89664944780372,141.0222222222222,211.98888888888888,207.0,216.0,-61.08600944221689,6156.895118913715,3689.4514525533014,2.8291567238207165
546,-29.752063818247727,135.89772776255228,79.04,195.98,191.0,197.0,-71.38181943895688,6193.479504898765,3704.107694590508,2.823217348736379
547,-29.756131558222087,135.8967297683709,122.14285714285714,210.96428571428572,210.0,211.0,-76.97640122845405,6155.1082247968225,3672.9443748563426,2.823370684931832
548,-29.745218282005506,135.9090422460301,326.03508771929825,282.4736842105263,282.0,285.0,-59.120270356710535,6007.5057454639755,3577.3591789656566,2.839025089245694
549,-29.770673979910146,135.88134332038945,24.68,271.9,269.0,276.0,-78.4701351802687,6323.672382524557,3758.250470161707,2.816992945833296
550,-29.72797299170557,135.61213568080169,121.48275862068965,195.9655172413793,193.0,197.0,-41.68273133146795,6640.2691453215375,4086.930118592747,2.8153942157943908
551,-29.456370867136425,135.65891425111602,24.083333333333332,106.95833333333333,88.0,123.0,181.51013978158153,6735.4815882016555,4388.119255796824,2.8504219150145094
552,-29.457859241155628,135.63113199791422,46.46341463414634,162.0,159.0,192.0,196.6747222838203,6791.437936796974,4446.735039399864,2.8501251731160657
553,-29.71312998619177,135.6017072023587,86.1470588235294,183.98529411764707,181.0,186.0,-30.05689069910659,6688.070133401627,4135.197284873822,2.8145054986612683
554,-29.670109262559823,135.63451973091335,63.0,131.97727272727272,129.0,134.0,-2.933779900915397,6628.961890058483,4135.370513527436,2.8187254256198173
555,-29.730563055717692,135.80292606430405,109.71153846153847,247.98076923076923,237.0,273.0,-6.473303276834486,6424.5049208165,3929.4597332891935,2.837191692974502
556,-29.747783393919768,135.62156375508536,29.42222222222222,188.9777777777778,183.0,193.0,-51.76599330052704,6708.653527122158,4116.738539205398,2.8105938626907343
557,-29.18046384658873,135.3520291123165,19.0,104.48387096774194,83.0,109.0,118.77173913043478,7409.6291600298355,5039.85900278738,2.8167174126154397
558,-29.294121674319292,135.40644191057208,38.24,59.99166666666667,40.0,74.0,305.8517496921486,7167.235038690524,4862.576572325372,2.855282481430491
559,-29.71938522807377,135.57568384849876,8103.956873315364,492.07466307277633,476.3,506.6,15.041247960848285,602.4934747145182,409.8800489396416,3.1506769983686778
560,-29.5049339672782,135.62151926035256,29.542857142857144,49.0,22.0,50.0,126.70534281816072,6725.441900952879,4340.742802172397,2.8414550705404826
561,-29.516801134151482,135.60405050308702,8.965306122448979,85.48979591836735,52.5,170.0,258.26807315758197,6946.72050187744,4645.139285533303,2.881871413781775
